relative_path,size_bytes,size_mib,sha256,media_kind,priority,drive_action,duplicate_of
CREDIT_TPHCM_OH_YEAH_V4.mp4,132220451,126.10,a96f6eb30342562e69b84c5e58c1d28d7b6da591a8969a35b8c013362cab4b93,video,P1 — DELIVERY SUPPORT,Giữ một bản credit V4 đã kiểm hash,
Nhom14_DanChuHoaThietKeVaQuanTriCongNgheTheoFeenberg.mp4,1212147443,1155.99,22e39eced2b8454d1ad8fdbe35d7f3d34e7e7a2cce63cc34400d99b513feb788,video,P1 — VERIFY DELIVERY,Kiểm tra file đã có trên Drive; không upload bản trùng,
assets/flow_selected/S002_phone_tap_1080p_v2.mp4,2985678,2.85,9dc0a6ec1fd382838fd42678e5a686ac75c1c734af82a147328037cc80605c36,video,P2 — REBUILD INPUT,Upload các asset được storyboard tham chiếu,
assets/flow_selected/S009_flow_1080p.mp4,6119519,5.84,0c9a25e4c3c17bc72d6e033c7b0f079cd0ab5962bba5e3ead925db310544640f,video,P2 — REBUILD INPUT,Upload các asset được storyboard tham chiếu,
assets/flow_selected/S015_neutral_tool_1080p.mp4,3314292,3.16,a901107da236d168ada50ae50f8f7fb8df370689c79653f75c99eccbbbc4e106,video,P2 — REBUILD INPUT,Upload các asset được storyboard tham chiếu,
assets/flow_selected/S040_technical_code_materials_1080p.mp4,3224986,3.08,23c70edb83a3ac974b0b90f5498ab4d65a0b8695b69b127685e4110f5a184e8e,video,P2 — REBUILD INPUT,Upload các asset được storyboard tham chiếu,
assets/flow_selected/S043_boiler_reconstruction_1080p.mp4,9806780,9.35,1c6224ae50220cbe2ea1792f94612a6f87275e1ece91eec3aabf94371f7c5fb6,video,P2 — REBUILD INPUT,Upload các asset được storyboard tham chiếu,
assets/flow_selected/S050_flow_1080p.mp4,8677027,8.28,1ff2fdea7e13a2370465954eb4a38024022a19e8e41a89fc37232f7a51b601c1,video,P2 — REBUILD INPUT,Upload các asset được storyboard tham chiếu,
assets/flow_selected/S051_flow_1080p.mp4,3725552,3.55,3398cb3cef04a6e45349229e18255a61bd1fcd616e7907319d724e4820f5a696,video,P2 — REBUILD INPUT,Upload các asset được storyboard tham chiếu,
assets/flow_selected/S063_flow_1080p.mp4,6645634,6.34,52ada6ae30a702c21eafa7edad552b1cfcaec9b35d597a108be9698a446431a5,video,P2 — REBUILD INPUT,Upload các asset được storyboard tham chiếu,
assets/flow_selected/S086_flow_1080p.mp4,8426668,8.04,1074286d27a5085b0417df7070e5058fb27021cf19936e1b56b48487c2ffbf63,video,P2 — REBUILD INPUT,Upload các asset được storyboard tham chiếu,
assets/flow_v8_namthanguit/S002_phone_tap_alt_1080p.mp4,2914301,2.78,1c13a1fd4131e79a40b27ce1c7bcb75ebc944b9e7d3d342152763ea89b7e01df,video,P2 — REBUILD INPUT,Upload các asset được storyboard tham chiếu,
assets/flow_v8_namthanguit/S034_scheduling_options_alt_1080p.mp4,8766963,8.36,abe49b26a8a9e00b013c04e37eae554b6d11ec022284a764c346d94a4cc99fc7,video,P2 — REBUILD INPUT,Upload các asset được storyboard tham chiếu,
assets/flow_v8_namthanguit/S040_constraints_alt_1080p.mp4,5013244,4.78,77b650b5e115fca192f348036d5391ce1b7ad9b48c43eb1d578b36e8d81ac465,video,P2 — REBUILD INPUT,Upload các asset được storyboard tham chiếu,
assets/flow_v8_namthanguit/S065_network_users_alt_1080p.mp4,8808491,8.40,2c331c389482c882685c1b388ec27453ee3230b8f57adb29a4f6f7df5258e04a,video,P2 — REBUILD INPUT,Upload các asset được storyboard tham chiếu,
assets/flow_v8_namthanguit/S073_adaptive_computer_alt_1080p.mp4,5869795,5.60,aa957615bac720fd46b06e3e951df980e1ca282e14f9af1130d7b8754853c6e1,video,P2 — REBUILD INPUT,Upload các asset được storyboard tham chiếu,
assets/flow_v8_namthanguit/S099_closing_kiosk_alt_1080p.mp4,5427063,5.18,e0c79db9fa0481f5b179a7110ce53d89e7c9a696ff2ff0a766ab44fa7cb50a33,video,P2 — REBUILD INPUT,Upload các asset được storyboard tham chiếu,
assets/flow_v8_odoo/S034_multiple_options_1080p.mp4,5145204,4.91,9892015e6aaa42e14d157df8892782ff6b3ea7e819ad94a6c08a86df04785a21,video,P2 — REBUILD INPUT,Upload các asset được storyboard tham chiếu,
assets/flow_v8_odoo/S043_boiler_reconstruction_1080p.mp4,5764377,5.50,c09e56f07f9f598ac2e09d018e87665ad1e76f832e6cdc39b0ca2392b819a334,video,P2 — REBUILD INPUT,Upload các asset được storyboard tham chiếu,
assets/flow_v8_odoo/S065_network_users_1080p.mp4,4623840,4.41,80e13abc23a6f7002ddd8faddc42f50ad2580cbc3e8e7031f2fb62f9df494fb2,video,P2 — REBUILD INPUT,Upload các asset được storyboard tham chiếu,
assets/flow_v8_odoo/S073_adaptive_computer_1080p.mp4,3819854,3.64,8b48d0877592b11ff484b7674b8927f52a072b8c8d71b228160732970320d2ef,video,P2 — REBUILD INPUT,Upload các asset được storyboard tham chiếu,
assets/flow_v9_raw/V9_002.mp4,3241339,3.09,20ef6a7cc4d86805c3146fce5bd9eaf716c9f63bb02b0ba6a81198ec8f480940,video,P2 — REBUILD INPUT,Upload các asset được storyboard tham chiếu,
assets/flow_v9_raw/V9_004.mp4,6094525,5.81,4dc6d7282e242b4269daf1ec470b6765d1f39b5ebedfc1be7d528d1667f2cc7a,video,P2 — REBUILD INPUT,Upload các asset được storyboard tham chiếu,
assets/flow_v9_raw/V9_005.mp4,5042235,4.81,187b639fee2c4b5bd0bffea3a9e67b7a58c01cf3f0bf13b2e9bc19d6819d5e13,video,P2 — REBUILD INPUT,Upload các asset được storyboard tham chiếu,
assets/flow_v9_raw/V9_006.mp4,5032303,4.80,ed2615dbb297f41cf950c1e6f53097c43f58c10728d5d9a99f07f88216f39a1f,video,P2 — REBUILD INPUT,Upload các asset được storyboard tham chiếu,
assets/flow_v9_raw/V9_007.mp4,6520045,6.22,bd50b5e8466c60de4fbe232e98179c5bc0a4ac4d57da68334799b66abc9b83d0,video,P2 — REBUILD INPUT,Upload các asset được storyboard tham chiếu,
assets/flow_v9_raw/V9_008.mp4,4602281,4.39,61699ccd07c8fe8835e34f3ceea54a94359ec7470bc40046b2b4265a91aaa006,video,P2 — REBUILD INPUT,Upload các asset được storyboard tham chiếu,
assets/flow_v9_raw/V9_010.mp4,4705346,4.49,7e1342a90d5f645bbc5ba8ea280d40b4ae6f01ac1fb5b3e783adaaf8105d6718,video,P2 — REBUILD INPUT,Upload các asset được storyboard tham chiếu,
assets/flow_v9_raw/V9_012.mp4,3080625,2.94,dd6aa18d57f1be83e0301869d93fa90b86661e310a127d20ce36e4f6fe76cbb2,video,P2 — REBUILD INPUT,Upload các asset được storyboard tham chiếu,
assets/flow_v9_raw/V9_014.mp4,5144290,4.91,709ba3dceed8847017bf54df69833a65e1bdaab9d5b931dfb5941a0ffc3ebbfd,video,P2 — REBUILD INPUT,Upload các asset được storyboard tham chiếu,
assets/flow_v9_raw/V9_015.mp4,3951652,3.77,20d9572e11ff7b481ea5be3414aaf7410a000d9d83f6a5a0161904ace5baea3c,video,P2 — REBUILD INPUT,Upload các asset được storyboard tham chiếu,
assets/flow_v9_raw/V9_017.mp4,4384263,4.18,b08e56d628027b2210fddb28fd26d8a622487d93f3e2145cae7ca8b4f303fce0,video,P2 — REBUILD INPUT,Upload các asset được storyboard tham chiếu,
assets/flow_v9_raw/V9_018.mp4,3834869,3.66,d190211138df921db61d44f4af95e69fa04e92fe85be222bb2e846dadb349aaa,video,P2 — REBUILD INPUT,Upload các asset được storyboard tham chiếu,
assets/flow_v9_raw/V9_019.mp4,5367585,5.12,32431f05a5de888e093cb2d3c13635d4b4338858b8f0855bb073b0b3b431d76e,video,P2 — REBUILD INPUT,Upload các asset được storyboard tham chiếu,
assets/flow_v9_raw/V9_021.mp4,5486463,5.23,fc9cb7df83824315de70203ea81f5bf6db1028875c8b4d10d2bdd16a2f22fbd9,video,P2 — REBUILD INPUT,Upload các asset được storyboard tham chiếu,
assets/flow_v9_raw/V9_023.mp4,7751738,7.39,d98b53e4c2c0ec45cb539b4030d52d415fda45c875da2e6695e8b1bc3a403f1f,video,P2 — REBUILD INPUT,Upload các asset được storyboard tham chiếu,
assets/flow_v9_raw/V9_024.mp4,6269938,5.98,0c5689d648eacbd62ab9034f2cafbfa9ea555a90ade3f1ecd0b691ffb0909a33,video,P2 — REBUILD INPUT,Upload các asset được storyboard tham chiếu,
assets/flow_v9_raw/V9_027.mp4,2784608,2.66,d22e6bfb4c91b0516b3e51669f9892f2a1aa08f23077aa0be16902152fb508d4,video,P2 — REBUILD INPUT,Upload các asset được storyboard tham chiếu,
assets/flow_v9_raw/V9_029.mp4,4972671,4.74,9fb7c4a7ec426f88cd315c0ee469c59851d5eaf834bb0636162407f8ae10a374,video,P2 — REBUILD INPUT,Upload các asset được storyboard tham chiếu,
assets/flow_v9_raw/V9_030.mp4,6332230,6.04,d7cfcc3d43bf9ecf05c9b28de394a099650acf45ef09274d1e024b2b6b8a1223,video,P2 — REBUILD INPUT,Upload các asset được storyboard tham chiếu,
assets/flow_v9_raw/V9_033.mp4,5327080,5.08,fcb2cb19ee47820c6a0a138683f3cd8c70b38c4fcedfcfe935842324f4717b09,video,P2 — REBUILD INPUT,Upload các asset được storyboard tham chiếu,
assets/flow_v9_raw/V9_034.mp4,5692117,5.43,14891732d6d88cc12eda68939c7f4aa2b6a7af7ff605b74f9156f8629dfdab7a,video,P2 — REBUILD INPUT,Upload các asset được storyboard tham chiếu,
assets/flow_v9_raw/V9_035.mp4,5560894,5.30,a16e67a88167e50e9322c7e7a8fa792b47193d842fb2287100dd45db7870570b,video,P2 — REBUILD INPUT,Upload các asset được storyboard tham chiếu,
assets/flow_v9_raw/V9_036.mp4,5910198,5.64,ad4f131c9165e0a7af2cb8aff4174ea00bf83054baffad4ab61ace6166f07351,video,P2 — REBUILD INPUT,Upload các asset được storyboard tham chiếu,
assets/flow_v9_raw/V9_037.mp4,3877953,3.70,a19d3a390f04cc5d172abcfa2a90ef341e72de4b4b462e31673a81bef3d0d3e1,video,P2 — REBUILD INPUT,Upload các asset được storyboard tham chiếu,
assets/flow_v9_raw/V9_038.mp4,2869356,2.74,845eeb8d38fead4dcfed8845835927ddd1b7df5439f9d59808e84a8527a05aea,video,P2 — REBUILD INPUT,Upload các asset được storyboard tham chiếu,
assets/flow_v9_raw/V9_066.mp4,7251616,6.92,fc4607f7c2b7d199d490140df5a53a7a6cc504dc401bf12637ec02fc82736bce,video,P2 — REBUILD INPUT,Upload các asset được storyboard tham chiếu,
assets/flow_v9_raw/V9_068.mp4,5751351,5.48,5f5b8abc466a2179b71b17814b79f56dcf0bc6fa5ab55a70a2bd337ad9ec93d4,video,P2 — REBUILD INPUT,Upload các asset được storyboard tham chiếu,
assets/flow_v9_raw/V9_069.mp4,6573625,6.27,dd3c5d0e2e7db86fee2ad091cac9ce3c1db3b590290b4deb329ce27c187e10bb,video,P2 — REBUILD INPUT,Upload các asset được storyboard tham chiếu,
assets/v10_source_cards/S016_source_card.png,366730,0.35,4c25904b2822edae6fec9274b609cc0654e54b5b8f240de2b7a2444573468a21,image,P2 — REBUILD INPUT,Upload các asset được storyboard tham chiếu,
assets/v10_source_cards/S025_source_card.png,760377,0.73,2d805b95b20d92dc7ff11127340aa1eed28f56e5c24d9a818082959e11bf1b56,image,P2 — REBUILD INPUT,Upload các asset được storyboard tham chiếu,
assets/v10_source_cards/S036_source_card.png,194535,0.19,5ad4d9f55380e699e7dfde8a2a9aafab1316bd0467ed3a630959051b2f83bed0,image,P2 — REBUILD INPUT,Upload các asset được storyboard tham chiếu,
assets/v10_source_cards/S042_source_card.png,187449,0.18,0ee3e355e8e53e7af399043357fa07895ab5c930cb682b4dbe1ec27057da35c1,image,P2 — REBUILD INPUT,Upload các asset được storyboard tham chiếu,
assets/v10_source_cards/S048_source_card.png,656318,0.63,20175a42fd7fe333d100ebd6829c5fc051e7c24ff02971f2234a6ffe750afcd3,image,P2 — REBUILD INPUT,Upload các asset được storyboard tham chiếu,
assets/v10_source_cards/S056_source_card.png,590719,0.56,dcafda117cf4540a963240af335127902e2e197e29723936bb8b7c7faaa5f2b2,image,P2 — REBUILD INPUT,Upload các asset được storyboard tham chiếu,
assets/v10_source_cards/S064_source_card.png,551942,0.53,7a94dfc7bf3f442b4014facaab98620e6771ebe02aba358c4ae3c63d120113c8,image,P2 — REBUILD INPUT,Upload các asset được storyboard tham chiếu,
assets/v10_source_cards/S070_source_card.png,374164,0.36,8a4422d5192a5db4ced613c8c705f5445b71ff7351055fa3faa6c9401fceef4e,image,P2 — REBUILD INPUT,Upload các asset được storyboard tham chiếu,
assets/v10_source_cards/S076_source_card.png,231137,0.22,8f5ec0ccb9fc146e843cc7e6b8b9a2886c9f5e6cc83f351f64677470893a11b4,image,P2 — REBUILD INPUT,Upload các asset được storyboard tham chiếu,
assets/v11_graphics_r5/MG01_open_black_box.mp4,261223,0.25,f345c2903fa9dd485c096a223834bd66beb09328bedb3029b099ef192044ca5c,video,P2 — REBUILD INPUT,Upload các asset được storyboard tham chiếu,
assets/v11_graphics_r5/MG02_three_layers.mp4,284223,0.27,0f53510c5783db02b58aeeb11c0dbf3f1751974f39099f1698b2c22a86b3744f,video,P2 — REBUILD INPUT,Upload các asset được storyboard tham chiếu,
assets/v11_graphics_r5/MG03_access_participation.mp4,348744,0.33,3ae7915b0c437266da77f152450a946f52914f8c8fc5d86fc20983b7329d8b35,video,P2 — REBUILD INPUT,Upload các asset được storyboard tham chiếu,
assets/v11_graphics_r5/MG04_matrix_intro.mp4,305078,0.29,e113733d7987445c52fd282963430178c9d3c9ab1b3ae4ed565ddc5293fb0338,video,P2 — REBUILD INPUT,Upload các asset được storyboard tham chiếu,
assets/v11_graphics_r5/MG05_matrix_axes.mp4,333971,0.32,38bbf538d1ddc98cab8b9a39b87900e66b51536ed330cd4134f504c26d6b49e2,video,P2 — REBUILD INPUT,Upload các asset được storyboard tham chiếu,
assets/v11_graphics_r5/MG06_matrix_instrumentalism.mp4,328793,0.31,6a7768ffdaf8a2e88a5d970a984ea606e281afccd0debd36893c76c6ab8d21aa,video,P2 — REBUILD INPUT,Upload các asset được storyboard tham chiếu,
assets/v11_graphics_r5/MG07_matrix_determinism.mp4,323679,0.31,bfd52159ff07b82a921f8102588ba157dc54a8a700f8e70aac3c8382901eaa1b,video,P2 — REBUILD INPUT,Upload các asset được storyboard tham chiếu,
assets/v11_graphics_r5/MG08_matrix_substantivism.mp4,319735,0.30,aca8c478e776d17b14cccf768b8a560e2603c18b940372ce0c4b3561e7326e54,video,P2 — REBUILD INPUT,Upload các asset được storyboard tham chiếu,
assets/v11_graphics_r5/MG09_matrix_critical_theory.mp4,333753,0.32,36af7213d95127d768d17cc2ae3f734fae759da9378426ee1ff6e66b69566a39,video,P2 — REBUILD INPUT,Upload các asset được storyboard tham chiếu,
assets/v11_graphics_r5/MG10_meta_choice.mp4,359008,0.34,6a2cc61640492e1a59adb60b9c7ff45469f286bab65f52912c49bf407e4d608a,video,P2 — REBUILD INPUT,Upload các asset được storyboard tham chiếu,
assets/v11_graphics_r5/MG11_relative_underdetermination.mp4,430386,0.41,a2a1547a21bc821c8369a6e055d4bdd6b203b22d7b62fcea95ccedd889ade911,video,P2 — REBUILD INPUT,Upload các asset được storyboard tham chiếu,
assets/v11_graphics_r5/MG12_technical_code.mp4,352101,0.34,5a6cbc2133224723aa9e80709399176a3b32cf1cd18ed162261a4707516166cb,video,P2 — REBUILD INPUT,Upload các asset được storyboard tham chiếu,
assets/v11_graphics_r5/MG13_democratization_title.mp4,402965,0.38,041b842baba80ba62facfd0b34a26daa57a04040c5b4f4257feb421249a9cf14,video,P2 — REBUILD INPUT,Upload các asset được storyboard tham chiếu,
assets/v11_graphics_r5/MG14_democratic_rationalization.mp4,386721,0.37,05e171c9bd240313d04f1af670cd7375265dd49455b1de9b98ae13b72f6761f7,video,P2 — REBUILD INPUT,Upload các asset được storyboard tham chiếu,
assets/v11_graphics_r5/MG15_effective_feedback.mp4,267956,0.26,7e952f5b357dd024bcf6c2efaf36dc64cefe882bd35ea8e4eb853d3b563b7ca8,video,P2 — REBUILD INPUT,Upload các asset được storyboard tham chiếu,
assets/v11_graphics_r5/MG16_network_transformation.mp4,584263,0.56,e6c0be32808699a60ec2a7cc42b7bbda2d5a082eb7a698b55ef644f905e3d10f,video,P2 — REBUILD INPUT,Upload các asset được storyboard tham chiếu,
assets/v11_graphics_r5/MG17_evidence_boundary.mp4,379390,0.36,eeb576f8965a2ec74c1fcabbe658f4ddb28766995a16125266768d036d6b50a3,video,P2 — REBUILD INPUT,Upload các asset được storyboard tham chiếu,
assets/v11_graphics_r5/MG18_three_analytic_layers.mp4,330403,0.32,4dea3b2d2d73f67d0c0f007e4023bb4a433c8446785261e0efe84b44b0b314b8,video,P2 — REBUILD INPUT,Upload các asset được storyboard tham chiếu,
assets/v11_graphics_r5/MG19_five_questions.mp4,409872,0.39,e0591aee6b8264076d3845c5b94445874514b6fac47aa82bb8a6564efe73f41d,video,P2 — REBUILD INPUT,Upload các asset được storyboard tham chiếu,
assets/v11_graphics_r5/MG20_value_to_parameter.mp4,313662,0.30,a19ebb3e5cbbe6fdc97944a16cc5c2476d7149b9ccaaf48553fb64ba7b1e4b0a,video,P2 — REBUILD INPUT,Upload các asset được storyboard tham chiếu,
assets/v11_graphics_r5/MG21_traceable_feedback.mp4,341830,0.33,530c5fcae04929e32186708362b0ed7e2b63bd72fb5ae1a35300947972098fc9,video,P2 — REBUILD INPUT,Upload các asset được storyboard tham chiếu,
assets/v11_graphics_r5/MG22_five_conditions.mp4,344760,0.33,27ca83783718eb90fb15facaa1f8735a93faab44dcf95e9111f4949e48b276f3,video,P2 — REBUILD INPUT,Upload các asset được storyboard tham chiếu,
assets/v11_graphics_r5/MG23_central_question.mp4,298439,0.28,2bddf728ce683bdff019614a847c128564be8be78c1c1acafbd1ecdf6ad41702,video,P2 — REBUILD INPUT,Upload các asset được storyboard tham chiếu,
assets/v11_graphics_r5/MG24_conclusion_layers.mp4,327801,0.31,cafc6260b08b08dc0f0897e20bf3b28f3b06453db90cbbd1244e86d3394f2da5,video,P2 — REBUILD INPUT,Upload các asset được storyboard tham chiếu,
assets/v11_graphics_r5/MG25_open_paths.mp4,291985,0.28,3c05137940c386cc314498922a57bf6daa3ed02f0088a3fffca2c3475264e05e,video,P2 — REBUILD INPUT,Upload các asset được storyboard tham chiếu,
assets/v11_graphics_r5/MG26_methodological_motif.mp4,420987,0.40,0af637beb640362da7b6dbee97ae9cda5ace99d8a6e3eacdd8f220fda105a040,video,P2 — REBUILD INPUT,Upload các asset được storyboard tham chiếu,
assets/v11_graphics_r5/MG27_hypothetical_boundary.mp4,293862,0.28,30fdbbdada8207e661a8ca5b9f324d2a110cdd5063464b5d728989e9ccf05377,video,P2 — REBUILD INPUT,Upload các asset được storyboard tham chiếu,
assets/v11_graphics_r5/MG28_democracy_not_access.mp4,385437,0.37,1bbd3652fd61108c1ca33131d42f16270852bc390f55b076ea07b9eb1902171f,video,P2 — REBUILD INPUT,Upload các asset được storyboard tham chiếu,
assets/v11_graphics_r5/MG29_ambivalent_paths.mp4,401725,0.38,d9387e1a860296375724dc0fa34c4d35ea6b2ca496e86490733cc1135c66bf0c,video,P2 — REBUILD INPUT,Upload các asset được storyboard tham chiếu,
assets/v11_graphics_r5/MG30_collective_priority.mp4,344044,0.33,27f0b178dc889895cd1c33229d79098784d8397ba9386ddc167eda7f62e7feef,video,P2 — REBUILD INPUT,Upload các asset được storyboard tham chiếu,
assets/v11_graphics_r5/MG31_participation_chain.mp4,448115,0.43,557c5fe3283ceec2ef3cf31a87d7721a2cee2a454eacbb255af418ef1b4f980a,video,P2 — REBUILD INPUT,Upload các asset được storyboard tham chiếu,
assets/v11_graphics_r5/MG32_design_genealogy.mp4,369770,0.35,bcd74f4921e9415f6ec362f21e90183fe34e4cd21b93aa7ee5eca728cae315fa,video,P2 — REBUILD INPUT,Upload các asset được storyboard tham chiếu,
assets/v11_graphics_r5/MG33_parameter_trace.mp4,307525,0.29,06f1f156c94d5d153286a185bbba73f8d5f649f8765b8602a47ca6ec04d3fe8b,video,P2 — REBUILD INPUT,Upload các asset được storyboard tham chiếu,
assets/v11_graphics_r5/MG34_access_at_scale.mp4,374207,0.36,927142adcc68c055b4f2f60e9cfe87fd6906e9b9c2d3ed274a9086a60cf68861,video,P2 — REBUILD INPUT,Upload các asset được storyboard tham chiếu,
assets/v11_graphics_r5/MG35_red_thread_bridge.mp4,393068,0.37,05b28185da8f51e472b63573f38cc73c85724284016e9811d1923cc055ad8792,video,P2 — REBUILD INPUT,Upload các asset được storyboard tham chiếu,
assets/v11_graphics_r5/MG36_complementary_knowledge.mp4,377806,0.36,87dc012f5394a281fbd4dd9bf65d83b7c42a5c06db347a39ae7551a06423ee8d,video,P2 — REBUILD INPUT,Upload các asset được storyboard tham chiếu,
assets/v11_graphics_r5/MG37_effective_window.mp4,366363,0.35,48b6040e0cbf72056ad72f3462e5fe4a91e6b421013aedc88edf95ea438d6e0e,video,P2 — REBUILD INPUT,Upload các asset được storyboard tham chiếu,
assets/v11_graphics_r5/MG38_excluded_interest.mp4,396964,0.38,75acd34c838f9ea3828801f523d3c9defd54a8bf28f3330ec1266f2a85852e7e,video,P2 — REBUILD INPUT,Upload các asset được storyboard tham chiếu,
assets/v11_graphics_r5/MG39_cautious_potential.mp4,315079,0.30,5f03142c1b2b41590bf3e31939964cfa14d8ab2f6bff7afacd6b8e071a3e193e,video,P2 — REBUILD INPUT,Upload các asset được storyboard tham chiếu,
assets/v11_graphics_r5/MG40_stakeholder_map.mp4,490046,0.47,d30bf52ce859a80ba4669f0104371bc5386244f731412ad1098d96d6868b6f64,video,P2 — REBUILD INPUT,Upload các asset được storyboard tham chiếu,
assets/v11_graphics_r5/MG41_value_specification.mp4,323628,0.31,55b7bb905672ab25e8a9a7b5ee4506fa85742c34ad9d8fc5a73d8e69ccdb46fc,video,P2 — REBUILD INPUT,Upload các asset được storyboard tham chiếu,
assets/v11_graphics_r5/MG42_efficiency_for_whom.mp4,451399,0.43,0076e46ee98f0b86871cba4d25001b3ad2a11f255a7b5452c6d0c4284c91415a,video,P2 — REBUILD INPUT,Upload các asset được storyboard tham chiếu,
assets/v11_graphics_r5/MG43_action_frame.mp4,297836,0.28,d6a7bfb3a29a23e9a06a77f0cb0d29b7b8b4bd42f5f59636829c557bdf924c37,video,P2 — REBUILD INPUT,Upload các asset được storyboard tham chiếu,
assets/v11_graphics_r5/MG44_correct_spec_wrong_goal.mp4,417795,0.40,11910de270b90fd023c5a69e40c37fc32a8a9a78b170378ee36e535bbfd84f0a,video,P2 — REBUILD INPUT,Upload các asset được storyboard tham chiếu,
assets/v11_graphics_r5/MG45_feedback_path.mp4,373073,0.36,15512857f47158a4832b1e7bbddeca0e6ad6e566da0bee4c4a1d391936f41a48,video,P2 — REBUILD INPUT,Upload các asset được storyboard tham chiếu,
assets/v11_overlays_r3/S001_01_provenance.png,10721,0.01,3dbfd4463ee4483738e8f1d52e73bf968afe3e0a168a9daac8d19dd6f110ec85,image,P2 — REBUILD INPUT,Upload các asset được storyboard tham chiếu,
assets/v11_overlays_r3/S001_overlay.png,8117,0.01,2ddd2a231ccc44c9ecbef59b1c310a1f293d200347f766c8f21f19e8921bef31,image,P2 — REBUILD INPUT,Upload các asset được storyboard tham chiếu,
assets/v11_overlays_r3/S005_overlay.png,47492,0.05,24aff131c3dcdf76b601194fe9f1db8da2fce442b2161106f942530a916c442c,image,P2 — REBUILD INPUT,Upload các asset được storyboard tham chiếu,
assets/v11_overlays_r3/S015_overlay.png,18260,0.02,d40af0d3a7b388c90d3ea2a4be62557d667eac808e1e8848c1115602b0f4c393,image,P2 — REBUILD INPUT,Upload các asset được storyboard tham chiếu,
assets/v11_overlays_r3/S039_overlay.png,18446,0.02,d2b8ec4a2c57445621d48e536ba4b930582e94b199b7fb75dd7f407c633c8638,image,P2 — REBUILD INPUT,Upload các asset được storyboard tham chiếu,
assets/v11_overlays_r3/S053_overlay.png,18696,0.02,b011fb789785d240c1e47f9c8c1348bb735d9e799e1b19edcddb4b9c16f375d6,image,P2 — REBUILD INPUT,Upload các asset được storyboard tham chiếu,
assets/v11_overlays_r3/S064_overlay.png,24374,0.02,4defe0f3bb13d6ac1866f682176e8d9ac3e751df8ea8c1b9ec96ce1cb924f2e4,image,P2 — REBUILD INPUT,Upload các asset được storyboard tham chiếu,
assets/v11_overlays_r3/S080_overlay.png,17905,0.02,ec8524df931a43873af55c47054d3cf22a2280aafd319cb48b5717bed60b5b59,image,P2 — REBUILD INPUT,Upload các asset được storyboard tham chiếu,
assets/v11_overlays_r3/S082_overlay.png,17137,0.02,3b2e9cc0d3a3d7beb397438e7a4ee02092ece04513605f76445e21843d5a110d,image,P2 — REBUILD INPUT,Upload các asset được storyboard tham chiếu,
assets/v11_overlays_r3/S083_overlay.png,19911,0.02,aa787bfc209b472bc4d22f18893786039a16168f14146fe277eb414aa42901b8,image,P2 — REBUILD INPUT,Upload các asset được storyboard tham chiếu,
assets/v11_overlays_r3/S084_overlay.png,21247,0.02,cfbe5227363b183e6be328091a4d41eecee4ae354275456d95e510142d369cbd,image,P2 — REBUILD INPUT,Upload các asset được storyboard tham chiếu,
assets/v11_overlays_r3/S085_overlay.png,20871,0.02,8f248b1d32d9b0152a1af4e95e7a84098904ea402b0f7e861c5406c0af9915e6,image,P2 — REBUILD INPUT,Upload các asset được storyboard tham chiếu,
assets/v11_overlays_r3/S086_overlay.png,19157,0.02,7a9cbca65a853f98abcd4f60504a42d607eba8b4ab3ffbd3b352a2d587802fa5,image,P2 — REBUILD INPUT,Upload các asset được storyboard tham chiếu,
assets/v11_overlays_r3/S091_overlay.png,18162,0.02,7e1ae08a90ffac9ecdc2a4828d8bda4be19aa55b214b5b79ef10e2d6b2e138d8,image,P2 — REBUILD INPUT,Upload các asset được storyboard tham chiếu,
assets/v11_overlays_r3/S095_overlay.png,17608,0.02,476138d3eeab4c4486e8790e29bc46d5d4fbe87a274ce89dcbb9d86ce76c2e01,image,P2 — REBUILD INPUT,Upload các asset được storyboard tham chiếu,
assets/v11_real/mixkit/mixkit_1781_1080.mp4,40259484,38.39,8457dadb3b68bcc8408aa506cdfa7a03043b6c41304f3a29ff9b51259f7c3133,video,P2 — REBUILD INPUT,Upload các asset được storyboard tham chiếu,
assets/v11_real/mixkit/mixkit_242_1080.mp4,27507555,26.23,ede04165e33c597cdec6988703e7d81218ef15ade3c819902180a0f287877a1b,video,P2 — REBUILD INPUT,Upload các asset được storyboard tham chiếu,
assets/v11_real/mixkit/mixkit_29991_1080.mp4,48351625,46.11,750393ab7c5ec006cf8107941559142d541cc2aa826d28c78179b599a17e1a1a,video,P2 — REBUILD INPUT,Upload các asset được storyboard tham chiếu,
assets/v11_real/mixkit/mixkit_29993_1080.mp4,60549829,57.74,dfd7981152d1d0d9e4542fdb75be1019ea8f1a6616dd761ef35ed4a5d20ec619,video,P2 — REBUILD INPUT,Upload các asset được storyboard tham chiếu,
assets/v11_real/mixkit/mixkit_30005_1080.mp4,40687064,38.80,359de70fa65d3bfbb7f3f8765054f4b68778ef9c9ac90ba9b423111b5ffafab3,video,P2 — REBUILD INPUT,Upload các asset được storyboard tham chiếu,
assets/v11_real/mixkit/mixkit_308_1080.mp4,63851206,60.89,c58673c8c096b6c0c2974639a08d2efa2ce1e4999bb08704f0f0fc4e24d228a6,video,P2 — REBUILD INPUT,Upload các asset được storyboard tham chiếu,
assets/v11_real/mixkit/mixkit_3257_1080.mp4,31181845,29.74,1577a5c2bd1545eb1bf98eaaf2dd051a06b213726ef7a0f6d3d6c005655313d2,video,P2 — REBUILD INPUT,Upload các asset được storyboard tham chiếu,
assets/v11_real/mixkit/mixkit_41165_1080.mp4,68244370,65.08,759dc89c5d8712630866f46b244c2ce49e47dfa413f3404f5a9da08053737841,video,P2 — REBUILD INPUT,Upload các asset được storyboard tham chiếu,
assets/v11_real/mixkit/mixkit_41180_1080.mp4,42796667,40.81,97974ff950a67cfad2aaedf7036ff3642138ffbcde957001e2f47e9d3b9e9e72,video,P2 — REBUILD INPUT,Upload các asset được storyboard tham chiếu,
assets/v11_real/mixkit/mixkit_4169_1080.mp4,62619362,59.72,de40a851dd102104ab2eae9194877659fd90075ae606ded4bbd52abdcfc37008,video,P2 — REBUILD INPUT,Upload các asset được storyboard tham chiếu,
assets/v11_real/mixkit/mixkit_42648_1080.mp4,21888498,20.87,3ce71439cb87d7b1432eb0171cfbb81664d927e75fc5515adbbcb1d610448766,video,P2 — REBUILD INPUT,Upload các asset được storyboard tham chiếu,
assets/v11_real/mixkit/mixkit_42656_1080.mp4,29467886,28.10,542055c001db9645e5c04fce8c818adf80e426b3da3822c9f6d23358161607ea,video,P2 — REBUILD INPUT,Upload các asset được storyboard tham chiếu,
assets/v11_real/mixkit/mixkit_42664_1080.mp4,30483423,29.07,99a3a23ecf2f0f0555aab1f8956000f080907baa953b44723d5781bc5a53cabc,video,P2 — REBUILD INPUT,Upload các asset được storyboard tham chiếu,
assets/v11_real/mixkit/mixkit_42666_1080.mp4,32581646,31.07,bbe52d8c73d945e3fbb384c452eae682ec3c40461a944ea60df4951116f78374,video,P2 — REBUILD INPUT,Upload các asset được storyboard tham chiếu,
assets/v11_real/mixkit/mixkit_4401_1080.mp4,74588084,71.13,b2afbc1c08ad7c93df5559b95072dbcd88d7ac0e20c93d9284244afc96392352,video,P2 — REBUILD INPUT,Upload các asset được storyboard tham chiếu,
assets/v11_real/mixkit/mixkit_4547_1080.mp4,80665013,76.93,67455cada6591e3b92a9db73fdfdc73c943d6f841a077c82b4bee4f40205b028,video,P2 — REBUILD INPUT,Upload các asset được storyboard tham chiếu,
assets/v11_real/mixkit/mixkit_4648_1080.mp4,54681404,52.15,490ba97c43fb6fd2b2c6614b666878090d3ce6ada4e894946240b0424318e32d,video,P2 — REBUILD INPUT,Upload các asset được storyboard tham chiếu,
assets/v11_real/mixkit/mixkit_4809_1080.mp4,83178992,79.33,dfaf13141e7b9d04e606d0c422036327bc3350fbb02f25e8cd39648a874e7d56,video,P2 — REBUILD INPUT,Upload các asset được storyboard tham chiếu,
assets/v11_real/mixkit/mixkit_4872_1080.mp4,52285932,49.86,c6910d4d8b8abe9bca19d8a6db7a9af38ca6b1a02ff8d59243de7ca1e8c12ab7,video,P2 — REBUILD INPUT,Upload các asset được storyboard tham chiếu,
assets/v11_real/mixkit/mixkit_4907_1080.mp4,47358457,45.16,0a85e6ab65a92a88a1118bcbd16fefa1cdb9bdc600921055d9cae2c4260d0423,video,P2 — REBUILD INPUT,Upload các asset được storyboard tham chiếu,
assets/v11_real/mixkit/mixkit_4916_1080.mp4,47039604,44.86,61df399eb7abaa2166011ac4ed37e2567dda2c5d2c25c7a81ae1769f0d0231d3,video,P2 — REBUILD INPUT,Upload các asset được storyboard tham chiếu,
assets/v11_real/mixkit/mixkit_50598_1080.mp4,56369446,53.76,54f46bba3fcb2aed7aadd1eafb24534f2a12ea95e8b272e6c6f9e03351e71d78,video,P2 — REBUILD INPUT,Upload các asset được storyboard tham chiếu,
assets/v11_real/mixkit/mixkit_50600_1080.mp4,40955341,39.06,6b25fbde48102bc141817e8b51cd5a1280fd4aeefc04d3995324cd2ca3003466,video,P2 — REBUILD INPUT,Upload các asset được storyboard tham chiếu,
assets/v11_real/mixkit/mixkit_785_1080.mp4,30082500,28.69,756df4891cfe4bb363018484ee8ea1f05c61cf0a4d9c035e9487823f2c3ac3de,video,P2 — REBUILD INPUT,Upload các asset được storyboard tham chiếu,
assets/v11_real/mixkit/mixkit_8739_1080.mp4,46502910,44.35,a7cb0750ca9ce4e67228f8e9c3a7bd198544d3f4636e07db0b060156e4fc70ff,video,P2 — REBUILD INPUT,Upload các asset được storyboard tham chiếu,
assets/v11_real/mixkit/mixkit_914_1080.mp4,61764156,58.90,c85a6b27feb04779b9c20a67ac70447689f9b9abf3da9dbbc55a7ba6cf0847f3,video,P2 — REBUILD INPUT,Upload các asset được storyboard tham chiếu,
assets/v11_real/mixkit/mixkit_918_1080.mp4,34068481,32.49,c8f1f2c1b44dd341049cb21ec849cbbf8f9b5a8243c17180e82b2c98303cfd0c,video,P2 — REBUILD INPUT,Upload các asset được storyboard tham chiếu,
assets/v11_real/mixkit/mixkit_921_1080.mp4,27394905,26.13,bc338af48dd020e8fbd7e32afcd57a98a40f84bc42a243bd7c3ad246ce91ab18,video,P2 — REBUILD INPUT,Upload các asset được storyboard tham chiếu,
assets/v11_source_cards_r6/S016_source_card.png,363697,0.35,a5519ce39a7d0abc37fc2ad26d3c27a3ea491d60b9f1eefa307e9a43cd32d155,image,P2 — REBUILD INPUT,Upload các asset được storyboard tham chiếu,
assets/v11_source_cards_r6/S025_source_card.png,757355,0.72,571dc3c531b8587d140fad701a7ef17a32b8131777cd1a1404281dbe86358d65,image,P2 — REBUILD INPUT,Upload các asset được storyboard tham chiếu,
assets/v11_source_cards_r6/S036_source_card.png,191603,0.18,1e742a17cf25819b44486490552f274b9c8c2eee919e8e2c59d45a263fb8ff76,image,P2 — REBUILD INPUT,Upload các asset được storyboard tham chiếu,
assets/v11_source_cards_r6/S042_source_card.png,184456,0.18,8a901fad2e303f7a51aa7b3b539ec88945fa456b64571606d3456996845b96fb,image,P2 — REBUILD INPUT,Upload các asset được storyboard tham chiếu,
assets/v11_source_cards_r6/S048_source_card.png,653164,0.62,df9ddf0538ae65576f1950ca0e5cb540302bbb22ef07e942c4c6af2e8371166e,image,P2 — REBUILD INPUT,Upload các asset được storyboard tham chiếu,
assets/v11_source_cards_r6/S056_source_card.png,587932,0.56,7166595654da3e06249853e61981ca086ca09e18001703df967cf1dcca508f0c,image,P2 — REBUILD INPUT,Upload các asset được storyboard tham chiếu,
assets/v11_source_cards_r6/S064_source_card.png,548925,0.52,33c6990c170451936b008d686b8a14a5ca09c29986ee1befe57caf497e1a1d68,image,P2 — REBUILD INPUT,Upload các asset được storyboard tham chiếu,
assets/v11_source_cards_r6/S070_source_card.png,371097,0.35,29cb8a24050092b2c87084cbcbd1f1f892998f9b0f830fc862eac2400f51d72a,image,P2 — REBUILD INPUT,Upload các asset được storyboard tham chiếu,
assets/v11_source_cards_r6/S076_source_card.png,228519,0.22,dd02e188ed803735901d77d8e98cebb490ba0105371a6601b2ff8c324fc5a92b,image,P2 — REBUILD INPUT,Upload các asset được storyboard tham chiếu,
assets/v11_sources/andrew_feenberg_card.png,1514945,1.44,44fab55d631108ae1cdf4609df8f8a64b354b0643c1c2a34e75d642f666b1f27,image,P2 — REBUILD INPUT,Upload các asset được storyboard tham chiếu,
assets/v11_sources/andrew_feenberg_wikimedia.jpg,1423892,1.36,07841f3ec8367826e558db8f4fd2d84566f3498a6784047ad0c5dd185d1fe47d,image,P2 — REBUILD INPUT,Upload các asset được storyboard tham chiếu,
audio/mix/FULL_MIX_V10_CONTENT_48K.wav,277939302,265.06,917fc44910edd0c0a8b9c38543fe0d1d32bce11d4b724041368267f78b1c9604,audio,P2 — REBUILD INPUT,Upload nếu cần tái dựng hoặc rollback,
audio/music/SCORE_SUNO_V8_48K.wav,280099468,267.12,2a79f53a8ef08135cdb542246a61640d5a524645c50c36775aca6fd207587dbe,audio,P2 — REBUILD INPUT,Upload nếu cần tái dựng hoặc rollback,
audio/sfx/SFX_AMBIENCE_V10_48K.wav,277939302,265.06,afc486ac91132d813c3bc0311a9d1568e7b3da4b8dfbe7650678485fc83f1ed8,audio,P2 — REBUILD INPUT,Upload nếu cần tái dựng hoặc rollback,
audio/vo/vale_unified_v9/VO_VALE_UNIFIED_V9_WITH_BREATHS_48K.wav,277934820,265.06,e25474d83319a203cb9b308e02973b6cad7ed5f7568161322176c99ea035bdb5,audio,P2 — REBUILD INPUT,Upload nếu cần tái dựng hoặc rollback,
Feenberg-NhacNen.mp3,7056815,6.73,a02b2b1381a300112e207c31188eb6502c19029bfbdfe3feefacd00e49aa5ea9,audio,P3 — OPTIONAL ARCHIVE,Không bắt buộc cho lần dựng hiện hành,
oh-yeah.mp3,2972395,2.83,bc74cf6b30a0baecbb44542dfa53cab2c45f7e36ef9b702db33a9202b4f737c5,audio,P3 — OPTIONAL ARCHIVE,Không bắt buộc cho lần dựng hiện hành,
qa/v11/credit_r4_select/final/members.jpg,130159,0.12,78b77b0674d0a7d27dd89fb24f10fe78c7fdbbf84b6b063c2f9aa860f94ffc75,image,P3 — OPTIONAL ARCHIVE,Không bắt buộc cho lần dựng hiện hành,
qa/v11/credit_r4_select/final/thanks.jpg,147091,0.14,2ffb03bd6dc78033596a837f9c5127a2c19e7bc31bb093fc7f5f1f2defa4eeef,image,P3 — OPTIONAL ARCHIVE,Không bắt buộc cho lần dựng hiện hành,
qa/v11/credit_r4_select/final/title.jpg,178993,0.17,f9e967739d5664507cba35177e1e1f4f85af574b39ab9f150fcd0d31c86ba562,image,P3 — OPTIONAL ARCHIVE,Không bắt buộc cho lần dựng hiện hành,
qa/v11/delivery_r6/bridge_contact_sheet.jpg,636322,0.61,1fed836605085a584c519e76e4ed2cf159ffbb44ba9cae7afdd67b46fa914809,image,P3 — OPTIONAL ARCHIVE,Không bắt buộc cho lần dựng hiện hành,
qa/v11/delivery_r6/bridge_frames/frame_1000_0.jpg,494176,0.47,41311e1d6ed589b80dd1b7db1dd3f4325c4c9fabb7ba869630a0481db535a645,image,P3 — OPTIONAL ARCHIVE,Không bắt buộc cho lần dựng hiện hành,
qa/v11/delivery_r6/bridge_frames/frame_1010_0.jpg,275331,0.26,1299d33880afddaa84e7efebba5b54f6a2aae81bed6983a01f820fa5ca9989ea,image,P3 — OPTIONAL ARCHIVE,Không bắt buộc cho lần dựng hiện hành,
qa/v11/delivery_r6/bridge_frames/frame_1017_8.jpg,398697,0.38,403bbf8d94c605328f24cbdb4bd2e121b8102ec3579694af01c9b90dbac346be,image,P3 — OPTIONAL ARCHIVE,Không bắt buộc cho lần dựng hiện hành,
qa/v11/delivery_r6/bridge_frames/frame_963_0.jpg,220267,0.21,04b56ac3d82f74a948a532d38ac82688d67d2e1a58b1d32fe3b3c4a4774f7ffa,image,P3 — OPTIONAL ARCHIVE,Không bắt buộc cho lần dựng hiện hành,
qa/v11/delivery_r6/bridge_frames/frame_963_8.jpg,221726,0.21,511eab2114c92bdf95ae5cd989c59ee09f5c69e1ae2e0551986c7ead26e68aa5,image,P3 — OPTIONAL ARCHIVE,Không bắt buộc cho lần dựng hiện hành,
qa/v11/delivery_r6/bridge_frames/frame_964_0.jpg,214024,0.20,03c2e15ccad794cff4c871214f64a232946fdf398835a8cc5900e1ff9d38d599,image,P3 — OPTIONAL ARCHIVE,Không bắt buộc cho lần dựng hiện hành,
qa/v11/delivery_r6/bridge_frames/frame_964_266667.jpg,197901,0.19,23ac5a09331d351eaa4055bca70f05fcbf6e3952d087d30603df78c2bf0480c0,image,P3 — OPTIONAL ARCHIVE,Không bắt buộc cho lần dựng hiện hành,
qa/v11/delivery_r6/bridge_frames/frame_964_533333.jpg,296693,0.28,b91644323e970938b6686d42d9da9418ab57835fb420221c7ef847db759470fc,image,P3 — OPTIONAL ARCHIVE,Không bắt buộc cho lần dựng hiện hành,
qa/v11/delivery_r6/bridge_frames/frame_965_0.jpg,409637,0.39,6493be722cf10005ecd1be9912da3ab53c38a7cb268c5dd317971e25071b29b7,image,P3 — OPTIONAL ARCHIVE,Không bắt buộc cho lần dựng hiện hành,
qa/v11/delivery_r6/bridge_frames/frame_965_5.jpg,483245,0.46,faaa6b0dcbddfdf0fb6915fe812ff3bfbaefdb4e95a885b184b649d319ceef3d,image,P3 — OPTIONAL ARCHIVE,Không bắt buộc cho lần dựng hiện hành,
qa/v11/delivery_r6/bridge_frames/frame_966_0.jpg,516454,0.49,55b34995f596c7d726b9bd8aea0d579e713a2b62c58b5a353a88a5f2496e5bba,image,P3 — OPTIONAL ARCHIVE,Không bắt buộc cho lần dựng hiện hành,
qa/v11/delivery_r6/bridge_frames/frame_968_0.jpg,581727,0.55,bf825ea4b2c400ed778df2a7e01f5c77107189a60141d6ae3f398caad8ef6180,image,P3 — OPTIONAL ARCHIVE,Không bắt buộc cho lần dựng hiện hành,
qa/v11/delivery_r6/bridge_frames/frame_972_0.jpg,577208,0.55,7b8e6a783b17ea48d07b4530f3b263a40bd21861725ec5a9f0be59357e1352b5,image,P3 — OPTIONAL ARCHIVE,Không bắt buộc cho lần dựng hiện hành,
qa/v11/delivery_r6/bridge_frames/frame_980_0.jpg,341051,0.33,da0915eff7d623606889558f40b31458e01d12a6a590ef6d807e9fff496cfe9e,image,P3 — OPTIONAL ARCHIVE,Không bắt buộc cho lần dựng hiện hành,
qa/v11/delivery_r6/bridge_frames/frame_990_0.jpg,373282,0.36,2d2e7209f573a526406d7a2b2d25bbbe9313a439e4bb2b3347cecf0ef49e421f,image,P3 — OPTIONAL ARCHIVE,Không bắt buộc cho lần dựng hiện hành,
qa/v11/delivery_r6/final_contact_sheet.jpg,680066,0.65,7becc8af57c57000f6b5e614a83bbe43cdcd33f0a3a8d98cdd65b7a23c91eba9,image,P3 — OPTIONAL ARCHIVE,Không bắt buộc cho lần dựng hiện hành,
qa/v11/delivery_r6/source_card_final_contact_sheet.jpg,260372,0.25,7ab9ea837962070a0f23f35c6b36106fda14d4d7fb7c07750a1e863c33aa7d10,image,P3 — OPTIONAL ARCHIVE,Không bắt buộc cho lần dựng hiện hành,
qa/v11/delivery_r6/source_card_final_frames/frame_118_65.jpg,216075,0.21,55affd2bf79e5006f26ec70074f64934dc79de0bab15ae490d09b7b3275a42d3,image,P3 — OPTIONAL ARCHIVE,Không bắt buộc cho lần dựng hiện hành,
qa/v11/delivery_r6/source_card_final_frames/frame_123_666.jpg,218131,0.21,714eb1fcd5966028c9c2e0fb3a0464beb8cb1a5576a996eefe4a6864a731ee89,image,P3 — OPTIONAL ARCHIVE,Không bắt buộc cho lần dựng hiện hành,
qa/v11/delivery_r6/source_card_final_frames/frame_128_683.jpg,216413,0.21,5d0ee2962c31f7388ae83cebef789562d82c1b44c501afabc33ca7c8bc094ff7,image,P3 — OPTIONAL ARCHIVE,Không bắt buộc cho lần dựng hiện hành,
qa/v11/delivery_r6/source_card_final_frames/frame_612_283.jpg,219802,0.21,677e348bb17dad120c73aec525162724409f057818a51b434b450cdae5cdc6d6,image,P3 — OPTIONAL ARCHIVE,Không bắt buộc cho lần dựng hiện hành,
qa/v11/delivery_r6/source_card_final_frames/frame_616_867.jpg,214528,0.20,70964059adbc0bbeac99e2a0c162e3f6b16bf3569cab6f98a81ace66023dbb5d,image,P3 — OPTIONAL ARCHIVE,Không bắt buộc cho lần dựng hiện hành,
qa/v11/delivery_r6/source_card_final_frames/frame_621_45.jpg,216353,0.21,6ecd8aaa01e0f7efcae7972d665b375be034f5834db4043e1c7771c360a8ad9f,image,P3 — OPTIONAL ARCHIVE,Không bắt buộc cho lần dựng hiện hành,
qa/v11/delivery_r6/source_card_final_frames/frame_671_617.jpg,160670,0.15,0eb6a7a04e18b80a57a64c6b709173c921149d386a0407aa07cec71ce812a70b,image,P3 — OPTIONAL ARCHIVE,Không bắt buộc cho lần dựng hiện hành,
qa/v11/delivery_r6/source_card_final_frames/frame_674_717.jpg,159386,0.15,bec448b50c8ba0bd4254683ff3d8c2ef96bf6e94162f7de6b180bd38e534b659,image,P3 — OPTIONAL ARCHIVE,Không bắt buộc cho lần dựng hiện hành,
qa/v11/delivery_r6/source_card_final_frames/frame_677_817.jpg,136537,0.13,283874ca8d9d90db20fa73292090e5f6135d060336a740e3e6cbfa69f95722b9,image,P3 — OPTIONAL ARCHIVE,Không bắt buộc cho lần dựng hiện hành,
qa/v11/r5_current/matrix_header.jpg,68269,0.07,9811b462388550191a069aade6452cd0fedb06b2de6faaee5ef026573a3f9e4e,image,P3 — OPTIONAL ARCHIVE,Không bắt buộc cho lần dựng hiện hành,
qa/v11/r5_current/parameter_trace_header.jpg,72901,0.07,5e8a2459b66e8929a3f87ff6cd699346aa8bdfb7c6304f4d98ff92ae44f6bd35,image,P3 — OPTIONAL ARCHIVE,Không bắt buộc cho lần dựng hiện hành,
qa/v11/r5_current/technical_code_header.jpg,72321,0.07,fa6d3fa57b319bc803de907739ed05cef3f9c11946821fd7f27296eba1d2f127,image,P3 — OPTIONAL ARCHIVE,Không bắt buộc cho lần dựng hiện hành,
qa/v11/r6_typography/frames/S016_end_128.683.png,413365,0.39,d89927f1856cc965f80d28f39db50f02d56da39449950b98120ac774d4f258d4,image,P3 — OPTIONAL ARCHIVE,Không bắt buộc cho lần dựng hiện hành,
qa/v11/r6_typography/frames/S016_mid_123.666.png,412572,0.39,445f80cf5eab184b80b16d75109b9e5c1682d30cd0348554ec1019203b49f51e,image,P3 — OPTIONAL ARCHIVE,Không bắt buộc cho lần dựng hiện hành,
qa/v11/r6_typography/frames/S016_start_118.650.png,539123,0.51,3d9764ebae34cb8837122c143618f1bb315470b439b5ce6e4085f006db334f9d,image,P3 — OPTIONAL ARCHIVE,Không bắt buộc cho lần dựng hiện hành,
qa/v11/r6_typography/frames/S025_end_195.417.png,757638,0.72,67f0c72e17d6e5a8c3442b02348f1fdbb64484d11f86c8b8de1ddc5b4e6ecdd7,image,P3 — OPTIONAL ARCHIVE,Không bắt buộc cho lần dựng hiện hành,
qa/v11/r6_typography/frames/S025_mid_192.633.png,759029,0.72,7b8d861327153ec2f0d42b7a8ef71ca8524ffd8cee493b8f6cedcb2646d0a2a2,image,P3 — OPTIONAL ARCHIVE,Không bắt buộc cho lần dựng hiện hành,
qa/v11/r6_typography/frames/S025_start_189.850.png,966146,0.92,629e56231d4cf52537f05c30787edbabbb826e53ab4f550a7cdcc557a75f7f54,image,P3 — OPTIONAL ARCHIVE,Không bắt buộc cho lần dựng hiện hành,
qa/v11/r6_typography/frames/S036_end_278.983.png,547526,0.52,617423033249fc6ebd7cf7f51550bf6a0927df6a6b84fa8e4b20b2884448ac58,image,P3 — OPTIONAL ARCHIVE,Không bắt buộc cho lần dựng hiện hành,
qa/v11/r6_typography/frames/S036_mid_278.216.png,546917,0.52,5fcb2d85859e84322c749061a101c96b15b45aea84d646ec59bdef562c59232f,image,P3 — OPTIONAL ARCHIVE,Không bắt buộc cho lần dựng hiện hành,
qa/v11/r6_typography/frames/S036_start_277.450.png,758660,0.72,693465ab4ef27be911ee38aefd13575ee1d91e574eb0b37a753054b9670b0a80,image,P3 — OPTIONAL ARCHIVE,Không bắt buộc cho lần dựng hiện hành,
qa/v11/r6_typography/frames/S042_end_353.783.png,477841,0.46,49178d7f0e012fcf0cc3184f6ce754f499cfee991b0b13749b23e4d44481d21a,image,P3 — OPTIONAL ARCHIVE,Không bắt buộc cho lần dựng hiện hành,
qa/v11/r6_typography/frames/S042_mid_349.533.png,477947,0.46,5e7d550f92f2140eeed49cf08d055db8080e61a7f92363640e516238fb283492,image,P3 — OPTIONAL ARCHIVE,Không bắt buộc cho lần dựng hiện hành,
qa/v11/r6_typography/frames/S042_start_345.283.png,694825,0.66,c18fd4c7f26adf1abe955c9053285e2c1811cc6035b33ae372f5ddf57c53a6ab,image,P3 — OPTIONAL ARCHIVE,Không bắt buộc cho lần dựng hiện hành,
qa/v11/r6_typography/frames/S048_end_401.683.png,730946,0.70,b6cdfd8b3ae9df93511fd15997bdb11854219038250ea63857320c68e59e0c9d,image,P3 — OPTIONAL ARCHIVE,Không bắt buộc cho lần dựng hiện hành,
qa/v11/r6_typography/frames/S048_mid_397.283.png,731170,0.70,1286ba77c9f95c56dd4bfb97b2979e157dd7dae4a2097c8405986fa1e8625117,image,P3 — OPTIONAL ARCHIVE,Không bắt buộc cho lần dựng hiện hành,
qa/v11/r6_typography/frames/S048_start_392.883.png,1025631,0.98,319167f2af11fcb710c34b6b0b7b451c27282e950f7b5dacda584041f2b1c01b,image,P3 — OPTIONAL ARCHIVE,Không bắt buộc cho lần dựng hiện hành,
qa/v11/r6_typography/frames/S056_end_488.683.png,627534,0.60,91dd2c441b11acadecf0732050f800c0584555734acf2254cbf5432ceaa15b79,image,P3 — OPTIONAL ARCHIVE,Không bắt buộc cho lần dựng hiện hành,
qa/v11/r6_typography/frames/S056_mid_485.116.png,627557,0.60,d23456a20ba4d2aac3baa8b53f1e4e3d94b423df0bdbb78318e9341a1b976ce4,image,P3 — OPTIONAL ARCHIVE,Không bắt buộc cho lần dựng hiện hành,
qa/v11/r6_typography/frames/S056_start_481.550.png,832265,0.79,612860077d21b9e9123511dfae6b76bb4c69edc9f3946b7bd838a0b0d3f85938,image,P3 — OPTIONAL ARCHIVE,Không bắt buộc cho lần dựng hiện hành,
qa/v11/r6_typography/frames/S064_end_572.650.png,705145,0.67,4e3e7e53a3d9b3225761e1618ec75bb396063ee03ccc6c596cb380480b4e3c27,image,P3 — OPTIONAL ARCHIVE,Không bắt buộc cho lần dựng hiện hành,
qa/v11/r6_typography/frames/S064_mid_571.350.png,840227,0.80,062510b730fc34d93e7f0ed8ff63ad69ffd0af7a354727cc7c04b994b05c9f8c,image,P3 — OPTIONAL ARCHIVE,Không bắt buộc cho lần dựng hiện hành,
qa/v11/r6_typography/frames/S064_start_570.050.png,836047,0.80,3e3b570634c15c25198420d4f3fc256d3bdd0eee9bf15d3154b36acf26410307,image,P3 — OPTIONAL ARCHIVE,Không bắt buộc cho lần dựng hiện hành,
qa/v11/r6_typography/frames/S070_end_621.450.png,429348,0.41,418439491df5d02baedcd47e2ccf44a52c80e64597f1438057c3bd4b88997eaf,image,P3 — OPTIONAL ARCHIVE,Không bắt buộc cho lần dựng hiện hành,
qa/v11/r6_typography/frames/S070_mid_616.867.png,429446,0.41,7c27b12476e87d681f964ea876d1168531b6354b428e02216cde5504b44f63a2,image,P3 — OPTIONAL ARCHIVE,Không bắt buộc cho lần dựng hiện hành,
qa/v11/r6_typography/frames/S070_start_612.283.png,579628,0.55,80250e3835bb37a862817a6d89d19412087e6f253fa051c2a7076ca3e6d90b11,image,P3 — OPTIONAL ARCHIVE,Không bắt buộc cho lần dựng hiện hành,
qa/v11/r6_typography/frames/S076_end_671.117.png,280987,0.27,7e98087c07777967b91f3217e1a10caaf63d4fb1f804847b876fe18a37d50b67,image,P3 — OPTIONAL ARCHIVE,Không bắt buộc cho lần dựng hiện hành,
qa/v11/r6_typography/frames/S076_mid_668.917.png,291289,0.28,cd5e86e68014734ace3803d5806993b5a772eb54767711469c1b4ae766e69a98,image,P3 — OPTIONAL ARCHIVE,Không bắt buộc cho lần dựng hiện hành,
qa/v11/r6_typography/frames/S076_start_666.717.png,340759,0.32,1e642d5e7a040fe371578e1d2f81cbb1d86e4a1c369baf85988c216e3f22e41e,image,P3 — OPTIONAL ARCHIVE,Không bắt buộc cho lần dựng hiện hành,
qa/v11/r6_typography/frames/S077_CARD_end_677.817.png,278302,0.27,4d7f4268469ac8ae413e5d94bd685df4020e53685c2c1abc7be7ed3a30d2aac7,image,P3 — OPTIONAL ARCHIVE,Không bắt buộc cho lần dựng hiện hành,
qa/v11/r6_typography/frames/S077_CARD_mid_674.717.png,276784,0.26,28dd449bc873c7268383ee27c74344edd99d4737d1ab3a47dc42d9478df7b584,image,P3 — OPTIONAL ARCHIVE,Không bắt buộc cho lần dựng hiện hành,
qa/v11/r6_typography/frames/S077_CARD_start_671.617.png,297922,0.28,f23b2052a6aaae85c52a44a46bd4ed6812681a043b44300e6e66846ffb3fc55b,image,P3 — OPTIONAL ARCHIVE,Không bắt buộc cho lần dựng hiện hành,
qa/v11/r6_typography/source_card_motion_10x3.jpg,2260088,2.16,2fe50f1568d32cef2348fa2268a7df4e85ddbf56f989725fef365fe902138c55,image,P3 — OPTIONAL ARCHIVE,Không bắt buộc cho lần dựng hiện hành,
qa/v11/r6_typography/source_card_titles_footers_10.jpg,700905,0.67,ed893d0dd5c336f6493d0a959aaf2a08b5be21a16639ec7becaeb0ab8e4b1d77,image,P3 — OPTIONAL ARCHIVE,Không bắt buộc cho lần dựng hiện hành,
qa/v11/source_cards_r6/contact_sheet_titles.png,639808,0.61,0810ba23ba9fa7616faadaeae6862273a95362694678261c5a0dc5ab44dcd865,image,P3 — OPTIONAL ARCHIVE,Không bắt buộc cho lần dựng hiện hành,
renders/v11_final_r5/PICTURE_MASTER_V11_R5_1080P.mp4,507061496,483.57,e6398399b4964ec5867683d5addc759b2e82e2a70e705d299d8f3bad369e9a43,video,P3 — OPTIONAL PATCH MASTER,Hữu ích khi vá picture/subtitle; không bắt buộc để nộp,
renders/v11_final_r6/PICTURE_MASTER_V11_R6_1080P.mp4,535072004,510.28,7133f415e8d682a35aa8c37695773230b8f0a46df055d3a332f53b9a4bf167c1,video,P3 — OPTIONAL PATCH MASTER,Hữu ích khi vá picture/subtitle; không bắt buộc để nộp,
renders/v11_final_r6/subtitles/SUBTITLE_ALPHA_V11_R6_CONTENT_1080P.mov,296585205,282.85,c3566a46d194ce64beb82825a223abbd5d16b54b70a907b4b9d8ac6f878700b9,video,P3 — OPTIONAL PATCH MASTER,Hữu ích khi vá picture/subtitle; không bắt buộc để nộp,
renders/v11_patch_r6/scenes/S001.mp4,1543547,1.47,9defd4978bf4a270d7d6d095ad170c05924078a030c3e4234ea64c5edfd25719,video,P3 — OPTIONAL PATCH MASTER,Hữu ích khi vá picture/subtitle; không bắt buộc để nộp,
renders/v11_patch_r6/scenes/S002.mp4,3408356,3.25,5def5c29477bad1163f63655ef237f24f916bcaa1080ad6c57858a794faf4a8e,video,P3 — OPTIONAL PATCH MASTER,Hữu ích khi vá picture/subtitle; không bắt buộc để nộp,
renders/v11_patch_r6/scenes/S003.mp4,406270,0.39,f78e3d1487e4006cf180646e6dffe954809b7b5bd5f9a060b9c71e07b79cb2dc,video,P3 — OPTIONAL PATCH MASTER,Hữu ích khi vá picture/subtitle; không bắt buộc để nộp,
renders/v11_patch_r6/scenes/S004.mp4,7083829,6.76,a714f3fd8825a4087279e144e6c56a9ff656e761bcba301fb5ad76a0dffb25df,video,P3 — OPTIONAL PATCH MASTER,Hữu ích khi vá picture/subtitle; không bắt buộc để nộp,
renders/v11_patch_r6/scenes/S005.mp4,23947259,22.84,2313abe22ec6dbaaa9c8a8bc1b1bdb5c44048ca7704195cdb02f269e9f07bacf,video,P3 — OPTIONAL PATCH MASTER,Hữu ích khi vá picture/subtitle; không bắt buộc để nộp,
renders/v11_patch_r6/scenes/S006.mp4,3555796,3.39,aad72f6f30aca801c15bd71310d3855391ce4a2233b567d4ece82b0e9894ed7a,video,P3 — OPTIONAL PATCH MASTER,Hữu ích khi vá picture/subtitle; không bắt buộc để nộp,
renders/v11_patch_r6/scenes/S007.mp4,207785,0.20,e4699f42c867f9d2c4430fc64a207521fd4cce57c9540ed701f59a33093517e6,video,P3 — OPTIONAL PATCH MASTER,Hữu ích khi vá picture/subtitle; không bắt buộc để nộp,
renders/v11_patch_r6/scenes/S008.mp4,4168805,3.98,095151f22de36e31c5340eebb7a54a41c5d141b863eb1e9cde5481d48f165f0e,video,P3 — OPTIONAL PATCH MASTER,Hữu ích khi vá picture/subtitle; không bắt buộc để nộp,
renders/v11_patch_r6/scenes/S009.mp4,6599102,6.29,5b06c49026a308d628a840cf7fcd91d9fee6aac92ceb44aa4f830339691f1fe7,video,P3 — OPTIONAL PATCH MASTER,Hữu ích khi vá picture/subtitle; không bắt buộc để nộp,
renders/v11_patch_r6/scenes/S010.mp4,7549658,7.20,71baa973f72d12eb3faeccd795a45e5a838f1ce5d0339a33914bfed660c1e177,video,P3 — OPTIONAL PATCH MASTER,Hữu ích khi vá picture/subtitle; không bắt buộc để nộp,
renders/v11_patch_r6/scenes/S011.mp4,231046,0.22,ba1c42706c778dd6248fc25d9e35eb8bbe8b4872cce9f060d1c1297d64062ceb,video,P3 — OPTIONAL PATCH MASTER,Hữu ích khi vá picture/subtitle; không bắt buộc để nộp,
renders/v11_patch_r6/scenes/S012.mp4,863153,0.82,5114a9a3ad7c5d25778a18aa729ae28882b83fd82cdc7e30d6d4af7909a4e136,video,P3 — OPTIONAL PATCH MASTER,Hữu ích khi vá picture/subtitle; không bắt buộc để nộp,
renders/v11_patch_r6/scenes/S013.mp4,10920098,10.41,ae80ae66849ef2f2244e8ee1bd6309566cf031094df41ed66b4c4ac620aeab69,video,P3 — OPTIONAL PATCH MASTER,Hữu ích khi vá picture/subtitle; không bắt buộc để nộp,
renders/v11_patch_r6/scenes/S014.mp4,14622212,13.94,f3bb5eb96606250a8405bded44db8cc41d1a8f07bb2f3cf4dc7918f90ad506bb,video,P3 — OPTIONAL PATCH MASTER,Hữu ích khi vá picture/subtitle; không bắt buộc để nộp,
renders/v11_patch_r6/scenes/S015.mp4,4475971,4.27,557062c6e1d63e1e6a558c0819ac6f161de6d83f7e6273c9be18b675106985cd,video,P3 — OPTIONAL PATCH MASTER,Hữu ích khi vá picture/subtitle; không bắt buộc để nộp,
renders/v11_patch_r6/scenes/S016.mp4,2317888,2.21,6263c76e422b2a93968d5727ed46c131972ebbea174c7f338a54abe88381a396,video,P3 — OPTIONAL PATCH MASTER,Hữu ích khi vá picture/subtitle; không bắt buộc để nộp,
renders/v11_patch_r6/scenes/S017.mp4,6827620,6.51,a0de09fecc25948cfadcb569058bd06b8b34487297694efde20530c2729a8cc1,video,P3 — OPTIONAL PATCH MASTER,Hữu ích khi vá picture/subtitle; không bắt buộc để nộp,
renders/v11_patch_r6/scenes/S018.mp4,385512,0.37,6648e249250d907393b0c22779768811b55e2b75c0a282c83ead9f7e52ef9c7b,video,P3 — OPTIONAL PATCH MASTER,Hữu ích khi vá picture/subtitle; không bắt buộc để nộp,
renders/v11_patch_r6/scenes/S019.mp4,488719,0.47,2762ef44647192a11e5f8cf145cce1da4ab6ed14fdc6f3ddabd19d5f7baca5b7,video,P3 — OPTIONAL PATCH MASTER,Hữu ích khi vá picture/subtitle; không bắt buộc để nộp,
renders/v11_patch_r6/scenes/S020.mp4,371916,0.35,43f40845aa889247a529a4b46d72f25cd3653663254bd4b158ac2b7cf4ca17ac,video,P3 — OPTIONAL PATCH MASTER,Hữu ích khi vá picture/subtitle; không bắt buộc để nộp,
renders/v11_patch_r6/scenes/S021.mp4,5093682,4.86,edd7ac907495a5fbabbf6ebb0ec35ae3867e501b5225389f5a374072b89b9b35,video,P3 — OPTIONAL PATCH MASTER,Hữu ích khi vá picture/subtitle; không bắt buộc để nộp,
renders/v11_patch_r6/scenes/S022.mp4,959405,0.91,634203fbcbf5bc0f9c1672f1803497f1f1ecdd7ec8b6290cbc4ee5a108db5c1d,video,P3 — OPTIONAL PATCH MASTER,Hữu ích khi vá picture/subtitle; không bắt buộc để nộp,
renders/v11_patch_r6/scenes/S023.mp4,10506666,10.02,c5f568cc42206bce68fec1eb607e03a018ec730700ba046e54edc498874d95ee,video,P3 — OPTIONAL PATCH MASTER,Hữu ích khi vá picture/subtitle; không bắt buộc để nộp,
renders/v11_patch_r6/scenes/S024.mp4,296144,0.28,6d33d13a8680969909fca192024f7f500faed95a9f18dc6eba899b4e91f21e09,video,P3 — OPTIONAL PATCH MASTER,Hữu ích khi vá picture/subtitle; không bắt buộc để nộp,
renders/v11_patch_r6/scenes/S025.mp4,2981373,2.84,5eb69ef9a78a9a562a28e229984177067236da4f6a343b54edd53e963e0d1020,video,P3 — OPTIONAL PATCH MASTER,Hữu ích khi vá picture/subtitle; không bắt buộc để nộp,
renders/v11_patch_r6/scenes/S026.mp4,7251331,6.92,555a3e5a3c84c910354e3df5382e575fd4abd62250ace94ac41142e9559e3222,video,P3 — OPTIONAL PATCH MASTER,Hữu ích khi vá picture/subtitle; không bắt buộc để nộp,
renders/v11_patch_r6/scenes/S027.mp4,789907,0.75,d513504a097486034304a3e7738b1576ff9c4a14d889569346eac94919357eaf,video,P3 — OPTIONAL PATCH MASTER,Hữu ích khi vá picture/subtitle; không bắt buộc để nộp,
renders/v11_patch_r6/scenes/S028.mp4,3981376,3.80,8947be63774fbb218f95b6d550a41acf2379d62059d5cd2aa9b3d97eb8571888,video,P3 — OPTIONAL PATCH MASTER,Hữu ích khi vá picture/subtitle; không bắt buộc để nộp,
renders/v11_patch_r6/scenes/S029.mp4,671150,0.64,322d89567dafe38b2ce8150c314575df2afe31735cbeebfb77d852287685ec81,video,P3 — OPTIONAL PATCH MASTER,Hữu ích khi vá picture/subtitle; không bắt buộc để nộp,
renders/v11_patch_r6/scenes/S030.mp4,5226465,4.98,7091011d0218f496bd4aa5a4335bc0413ac2dfb148409048e053499126ca009b,video,P3 — OPTIONAL PATCH MASTER,Hữu ích khi vá picture/subtitle; không bắt buộc để nộp,
renders/v11_patch_r6/scenes/S031.mp4,5521979,5.27,a06622aac589f114cc00b0ab30e0b579f636699060160c8811719d58ab7e7408,video,P3 — OPTIONAL PATCH MASTER,Hữu ích khi vá picture/subtitle; không bắt buộc để nộp,
renders/v11_patch_r6/scenes/S032.mp4,983415,0.94,7273c029bb7f04a73f15938e6c5a517f07899fb4200ce659cc7043fcf9f35750,video,P3 — OPTIONAL PATCH MASTER,Hữu ích khi vá picture/subtitle; không bắt buộc để nộp,
renders/v11_patch_r6/scenes/S033.mp4,12099307,11.54,cf78a13b2ee1ca074417bf0a840e7b89ed64266ef592946fdf2521bf098026e3,video,P3 — OPTIONAL PATCH MASTER,Hữu ích khi vá picture/subtitle; không bắt buộc để nộp,
renders/v11_patch_r6/scenes/S034.mp4,1052049,1.00,3c2b0fd1e32dd2884d84971496222a0d352d0cc46f1e5b6158b722f9eef7ee95,video,P3 — OPTIONAL PATCH MASTER,Hữu ích khi vá picture/subtitle; không bắt buộc để nộp,
renders/v11_patch_r6/scenes/S035.mp4,11147627,10.63,b2a0177b1ae15d7bef761a267825e4250b498de422f9fe7cf9252dba76f4978a,video,P3 — OPTIONAL PATCH MASTER,Hữu ích khi vá picture/subtitle; không bắt buộc để nộp,
renders/v11_patch_r6/scenes/S036.mp4,798457,0.76,d8014dc5f5300cca1f7766da6532360628203127c07fef99d070ed1ac6fd5fe3,video,P3 — OPTIONAL PATCH MASTER,Hữu ích khi vá picture/subtitle; không bắt buộc để nộp,
renders/v11_patch_r6/scenes/S037.mp4,11856337,11.31,96a987bb862a49c47da7ce9fd4b50793451b0215957ee7a706a4507c25b13604,video,P3 — OPTIONAL PATCH MASTER,Hữu ích khi vá picture/subtitle; không bắt buộc để nộp,
renders/v11_patch_r6/scenes/S038.mp4,17447856,16.64,432e74062f562e561687ee9b7d68d13b78af395ec1536c70f716eba043962ea0,video,P3 — OPTIONAL PATCH MASTER,Hữu ích khi vá picture/subtitle; không bắt buộc để nộp,
renders/v11_patch_r6/scenes/S039.mp4,446651,0.43,1b43850c8bfd539a39be6515dedfa4a27a5845892f274a2dccb91d5a37350a5f,video,P3 — OPTIONAL PATCH MASTER,Hữu ích khi vá picture/subtitle; không bắt buộc để nộp,
renders/v11_patch_r6/scenes/S040.mp4,2255878,2.15,af188f723cb8b5e6e5239301a8f48c0294f0fba78dc92cd3a8c0aa7a22e1c743,video,P3 — OPTIONAL PATCH MASTER,Hữu ích khi vá picture/subtitle; không bắt buộc để nộp,
renders/v11_patch_r6/scenes/S041.mp4,9085767,8.66,987e35e4315faedd4201f24ca72dcd91e6f952b6af3a7f83cabeb13b4d7fe073,video,P3 — OPTIONAL PATCH MASTER,Hữu ích khi vá picture/subtitle; không bắt buộc để nộp,
renders/v11_patch_r6/scenes/S042.mp4,2487092,2.37,c1126fa8fe0114f3126609a9de123bf39ebefce7b7e9a9bffec68df467ca1990,video,P3 — OPTIONAL PATCH MASTER,Hữu ích khi vá picture/subtitle; không bắt buộc để nộp,
renders/v11_patch_r6/scenes/S043.mp4,6023795,5.74,f50270419fbcf07a2a6860383358cc271e41c2057b4c551cb0d6af08247efa2a,video,P3 — OPTIONAL PATCH MASTER,Hữu ích khi vá picture/subtitle; không bắt buộc để nộp,
renders/v11_patch_r6/scenes/S044.mp4,5164460,4.93,f6295f8060b8199f511f53d1e3210187643ccff7a1a76256bd443ba46ae44124,video,P3 — OPTIONAL PATCH MASTER,Hữu ích khi vá picture/subtitle; không bắt buộc để nộp,
renders/v11_patch_r6/scenes/S045.mp4,12299083,11.73,991baadec4db8c6a36a5ea527b67c186de9f28000b0356b4e6054fc60d11ae7b,video,P3 — OPTIONAL PATCH MASTER,Hữu ích khi vá picture/subtitle; không bắt buộc để nộp,
renders/v11_patch_r6/scenes/S046.mp4,8753791,8.35,5233473b3abbbbab58f5c0fa62f2d590604893c17b729937abbb9808e08f126d,video,P3 — OPTIONAL PATCH MASTER,Hữu ích khi vá picture/subtitle; không bắt buộc để nộp,
renders/v11_patch_r6/scenes/S047.mp4,8049444,7.68,f251f225b46669a44a6f5d9f96ba9e7b7a48bf3efc3dd1424cb1d96b446e9476,video,P3 — OPTIONAL PATCH MASTER,Hữu ích khi vá picture/subtitle; không bắt buộc để nộp,
renders/v11_patch_r6/scenes/S048.mp4,4103776,3.91,68423c88eb4977d2aa27e17508bb2381d5baf75753b2a51ed81410868bbd5e28,video,P3 — OPTIONAL PATCH MASTER,Hữu ích khi vá picture/subtitle; không bắt buộc để nộp,
renders/v11_patch_r6/scenes/S049.mp4,5724174,5.46,8a554c3a1733a490b9fa34224acc2555e05b77858fe825433e6b932278efd88f,video,P3 — OPTIONAL PATCH MASTER,Hữu ích khi vá picture/subtitle; không bắt buộc để nộp,
renders/v11_patch_r6/scenes/S050.mp4,2972735,2.84,ef14fdd8619a7bd62355c7d05f9c9aa1136e64fea773883244f082b50f4046ef,video,P3 — OPTIONAL PATCH MASTER,Hữu ích khi vá picture/subtitle; không bắt buộc để nộp,
renders/v11_patch_r6/scenes/S051.mp4,2277454,2.17,264b7a45969ca03fdbc0066b461d82d440595a51233cb36261bff61a88865129,video,P3 — OPTIONAL PATCH MASTER,Hữu ích khi vá picture/subtitle; không bắt buộc để nộp,
renders/v11_patch_r6/scenes/S052.mp4,16930937,16.15,0d7d365a9b511784676872a8293a3bfbff92d19f14228e673b12f605cd6111d9,video,P3 — OPTIONAL PATCH MASTER,Hữu ích khi vá picture/subtitle; không bắt buộc để nộp,
renders/v11_patch_r6/scenes/S053.mp4,336061,0.32,1af657ae674ee6253d60d2881406c229450d09b837d193e5f60d62189018dd6f,video,P3 — OPTIONAL PATCH MASTER,Hữu ích khi vá picture/subtitle; không bắt buộc để nộp,
renders/v11_patch_r6/scenes/S054.mp4,658832,0.63,8bc5bccafd796e52645bc8d4561248df69b0961291be510186aacbfdb33e0acd,video,P3 — OPTIONAL PATCH MASTER,Hữu ích khi vá picture/subtitle; không bắt buộc để nộp,
renders/v11_patch_r6/scenes/S055.mp4,10157986,9.69,034f25ee0ffc619675d03fed735428b08c19f03c26cd8772f7dea65b72ec348e,video,P3 — OPTIONAL PATCH MASTER,Hữu ích khi vá picture/subtitle; không bắt buộc để nộp,
renders/v11_patch_r6/scenes/S056.mp4,2909425,2.77,810e1c9a4514a96c9b12b0186ba73ef2de38c0dc9c32969e7a3ea6a09fe57d00,video,P3 — OPTIONAL PATCH MASTER,Hữu ích khi vá picture/subtitle; không bắt buộc để nộp,
renders/v11_patch_r6/scenes/S057.mp4,9074248,8.65,2185de1c778f472f2b1ccde850e2b1b4fba5c719caab7a12320c540b99061ba6,video,P3 — OPTIONAL PATCH MASTER,Hữu ích khi vá picture/subtitle; không bắt buộc để nộp,
renders/v11_patch_r6/scenes/S058.mp4,9165604,8.74,eb8d4032f470e1f5c7bf4964885864993f14503a774dd80d6f40a1b408b4abf2,video,P3 — OPTIONAL PATCH MASTER,Hữu ích khi vá picture/subtitle; không bắt buộc để nộp,
renders/v11_patch_r6/scenes/S059.mp4,627498,0.60,4d806ae633c1f1f41d981930beae6402a82b31cc0af6e4ab69559095cccb48e0,video,P3 — OPTIONAL PATCH MASTER,Hữu ích khi vá picture/subtitle; không bắt buộc để nộp,
renders/v11_patch_r6/scenes/S060.mp4,8536975,8.14,1ecd9d072bd87403289c506341af03ec3b02ec10b80dcd896ef5c9d818d3214d,video,P3 — OPTIONAL PATCH MASTER,Hữu ích khi vá picture/subtitle; không bắt buộc để nộp,
renders/v11_patch_r6/scenes/S061.mp4,398776,0.38,e8352df59bcc9243fb574030df135717eb704bbce7dd82d2b40e5ffcda9ced1d,video,P3 — OPTIONAL PATCH MASTER,Hữu ích khi vá picture/subtitle; không bắt buộc để nộp,
renders/v11_patch_r6/scenes/S062.mp4,5980083,5.70,01b371206c29178f6f10b60ac8962d49405ccca0249acca32a101689d11800bc,video,P3 — OPTIONAL PATCH MASTER,Hữu ích khi vá picture/subtitle; không bắt buộc để nộp,
renders/v11_patch_r6/scenes/S063.mp4,20171475,19.24,9800ad8b14985676b8afc274a98b858d2e617fea956b59f7432a1823c9651850,video,P3 — OPTIONAL PATCH MASTER,Hữu ích khi vá picture/subtitle; không bắt buộc để nộp,
renders/v11_patch_r6/scenes/S064.mp4,1562393,1.49,bfc0480b24eeb43b9578111738e31d48ab024d8a8828f5d3f62641ddf2cf8205,video,P3 — OPTIONAL PATCH MASTER,Hữu ích khi vá picture/subtitle; không bắt buộc để nộp,
renders/v11_patch_r6/scenes/S065.mp4,10147129,9.68,33b15140c15128209e5d37476aae9fe832cd96f773b9eca7ca8f9645d267d31e,video,P3 — OPTIONAL PATCH MASTER,Hữu ích khi vá picture/subtitle; không bắt buộc để nộp,
renders/v11_patch_r6/scenes/S066.mp4,4958840,4.73,8b624f1bb33616733f8db944c5475688b517ddc117f9a602cffef2abb9e923e8,video,P3 — OPTIONAL PATCH MASTER,Hữu ích khi vá picture/subtitle; không bắt buộc để nộp,
renders/v11_patch_r6/scenes/S067.mp4,11135477,10.62,8ae7f81c92465385f1eaa852802cc392b3a924c03c1ee4805148d8fef4689084,video,P3 — OPTIONAL PATCH MASTER,Hữu ích khi vá picture/subtitle; không bắt buộc để nộp,
renders/v11_patch_r6/scenes/S068.mp4,1091268,1.04,bdd357daf8dac8f19996c52a9decd1de4649400e6ed7b4ba0ff724d0675c23b7,video,P3 — OPTIONAL PATCH MASTER,Hữu ích khi vá picture/subtitle; không bắt buộc để nộp,
renders/v11_patch_r6/scenes/S069.mp4,1739150,1.66,aee3231967a5c182205e728e709bfed7cf9f2fc308d19afc91b129edcec4b68c,video,P3 — OPTIONAL PATCH MASTER,Hữu ích khi vá picture/subtitle; không bắt buộc để nộp,
renders/v11_patch_r6/scenes/S070.mp4,2210591,2.11,f4e88a39f1763378719eae62e617958a0969e17257ac6d7b0f1f470163e3034f,video,P3 — OPTIONAL PATCH MASTER,Hữu ích khi vá picture/subtitle; không bắt buộc để nộp,
renders/v11_patch_r6/scenes/S071.mp4,8541774,8.15,0f0a906a9f7d9aa34307c5527d33fe05b4d4994dc4f7953e2bb11a9038325c1e,video,P3 — OPTIONAL PATCH MASTER,Hữu ích khi vá picture/subtitle; không bắt buộc để nộp,
renders/v11_patch_r6/scenes/S072.mp4,6714046,6.40,9c40d67c9a61e9bd393121fb18c448f4928ebbe60d5e9e382959aea818ba943b,video,P3 — OPTIONAL PATCH MASTER,Hữu ích khi vá picture/subtitle; không bắt buộc để nộp,
renders/v11_patch_r6/scenes/S073.mp4,8794017,8.39,037004b32c02ea9176c8178f656ed67dce3ccbe3bab02097e5539a7393711c25,video,P3 — OPTIONAL PATCH MASTER,Hữu ích khi vá picture/subtitle; không bắt buộc để nộp,
renders/v11_patch_r6/scenes/S074.mp4,1018351,0.97,fe6edc2f3f9f3dbde9098a9ad233064ecaec5534eafba2a47cc6abc45cfb6d49,video,P3 — OPTIONAL PATCH MASTER,Hữu ích khi vá picture/subtitle; không bắt buộc để nộp,
renders/v11_patch_r6/scenes/S075.mp4,500480,0.48,aa1407933dcbdb253795c966e0077e86c86c90c04b5e17f9ccdef2afe1c4b908,video,P3 — OPTIONAL PATCH MASTER,Hữu ích khi vá picture/subtitle; không bắt buộc để nộp,
renders/v11_patch_r6/scenes/S076.mp4,758025,0.72,210901a5911cc9e4bb19b2421bb5242038ce3cae29bda489f6474b5872282e14,video,P3 — OPTIONAL PATCH MASTER,Hữu ích khi vá picture/subtitle; không bắt buộc để nộp,
renders/v11_patch_r6/scenes/S077.mp4,13776302,13.14,2efc7167647fcca07be495c455a539abc79abadb2287cf9444eb9adfc1f49d6a,video,P3 — OPTIONAL PATCH MASTER,Hữu ích khi vá picture/subtitle; không bắt buộc để nộp,
renders/v11_patch_r6/scenes/S078.mp4,32087700,30.60,46099ff6eb9db69ff34b1e629125c31c348597bbf887e9d069623cb38c9f3d98,video,P3 — OPTIONAL PATCH MASTER,Hữu ích khi vá picture/subtitle; không bắt buộc để nộp,
renders/v11_patch_r6/scenes/S079.mp4,6644282,6.34,f437c2140892bbc8ccb582e70079441b2b2c6d9c89b5259aae533c39c09d7eb0,video,P3 — OPTIONAL PATCH MASTER,Hữu ích khi vá picture/subtitle; không bắt buộc để nộp,
renders/v11_patch_r6/scenes/S080.mp4,7458741,7.11,9e3b50a1346215936a6172a17b037aa97b20ab4b2ba2d22ba4c3dbd5efcc41cd,video,P3 — OPTIONAL PATCH MASTER,Hữu ích khi vá picture/subtitle; không bắt buộc để nộp,
renders/v11_patch_r6/scenes/S081.mp4,7167815,6.84,b92448a826e8de84fa0fc9729abf8e97566eb1a3bd2683e2569513f060e0a1ef,video,P3 — OPTIONAL PATCH MASTER,Hữu ích khi vá picture/subtitle; không bắt buộc để nộp,
renders/v11_patch_r6/scenes/S082.mp4,409634,0.39,73792e3f2bfe15764e589851e8308e6fbfc9ccee91841171b9f9c8bdf2868e9b,video,P3 — OPTIONAL PATCH MASTER,Hữu ích khi vá picture/subtitle; không bắt buộc để nộp,
renders/v11_patch_r6/scenes/S083.mp4,8563935,8.17,e314cce7771926e8a27e39046a304b536918ed571dfe7b721b7bfb744b643eef,video,P3 — OPTIONAL PATCH MASTER,Hữu ích khi vá picture/subtitle; không bắt buộc để nộp,
renders/v11_patch_r6/scenes/S084.mp4,9580530,9.14,fe3e6eedbc7a035776e06cd67d79169ab3875a4e8275a035ecd03cdf23e106ac,video,P3 — OPTIONAL PATCH MASTER,Hữu ích khi vá picture/subtitle; không bắt buộc để nộp,
renders/v11_patch_r6/scenes/S085.mp4,8730062,8.33,e3b5a77ac73c11a1f77ab67fc165e827c07a557690793eaa0fa54bc904d025a5,video,P3 — OPTIONAL PATCH MASTER,Hữu ích khi vá picture/subtitle; không bắt buộc để nộp,
renders/v11_patch_r6/scenes/S086.mp4,13061230,12.46,f77418bcf5fd0dc88fa8873dc6bc8e4161dbf2fb9f83f356fd7231d731df8d20,video,P3 — OPTIONAL PATCH MASTER,Hữu ích khi vá picture/subtitle; không bắt buộc để nộp,
renders/v11_patch_r6/scenes/S087.mp4,3714974,3.54,8467233ec85a1a8532dc943760163873c6d64dff69931bc4b2c683edbbd43663,video,P3 — OPTIONAL PATCH MASTER,Hữu ích khi vá picture/subtitle; không bắt buộc để nộp,
renders/v11_patch_r6/scenes/S088.mp4,6613941,6.31,aaed4f20db493e46e555c7b6a848243f0f98162a43272632f28420e9eb48014e,video,P3 — OPTIONAL PATCH MASTER,Hữu ích khi vá picture/subtitle; không bắt buộc để nộp,
renders/v11_patch_r6/scenes/S089.mp4,934092,0.89,d558d1cde603f58aeca74f92a2a5f02b24d41e37d3fa059e73ef8afddfa56dd7,video,P3 — OPTIONAL PATCH MASTER,Hữu ích khi vá picture/subtitle; không bắt buộc để nộp,
renders/v11_patch_r6/scenes/S090.mp4,11138898,10.62,1b4630da1e40a738e6977f112c5ab97b98c87b04ec8c097b2ea2c91f99827a67,video,P3 — OPTIONAL PATCH MASTER,Hữu ích khi vá picture/subtitle; không bắt buộc để nộp,
renders/v11_patch_r6/scenes/S091.mp4,407752,0.39,9c966ca9e9dc452fd46236ef6c36262f623a886b1f843277dd786aedd07bb782,video,P3 — OPTIONAL PATCH MASTER,Hữu ích khi vá picture/subtitle; không bắt buộc để nộp,
renders/v11_patch_r6/scenes/S092.mp4,932924,0.89,d7d1043a4da469910a655b456418efca4eff7e75b996e17f05ef5fc950a7b4f6,video,P3 — OPTIONAL PATCH MASTER,Hữu ích khi vá picture/subtitle; không bắt buộc để nộp,
renders/v11_patch_r6/scenes/S093.mp4,967352,0.92,e2c5576fb9c6cac5c4bb93d20836a8c42d7dde35e2d53c406c4ea7ced54aefe5,video,P3 — OPTIONAL PATCH MASTER,Hữu ích khi vá picture/subtitle; không bắt buộc để nộp,
renders/v11_patch_r6/scenes/S094.mp4,1277770,1.22,4a53b37bba408189a3062f1c8a744b1cae7920df770254dc73c4a5879f493b96,video,P3 — OPTIONAL PATCH MASTER,Hữu ích khi vá picture/subtitle; không bắt buộc để nộp,
renders/v11_patch_r6/scenes/S095.mp4,11618057,11.08,70fb5295d4b0cf6ad819c00908027aacde37c7d7a3e3a4e3906d171c49918d58,video,P3 — OPTIONAL PATCH MASTER,Hữu ích khi vá picture/subtitle; không bắt buộc để nộp,
renders/v11_patch_r6/segments/0001_S001_01.mp4,1452117,1.38,5a93487295e5f2933650d6558225d5c52e0203902336e2d44673fd854b05d8da,video,P3 — OPTIONAL PATCH MASTER,Hữu ích khi vá picture/subtitle; không bắt buộc để nộp,
renders/v11_patch_r6/segments/0002_S002_01.mp4,2847816,2.72,51311eea51f5b4b20ba52e6315acd94e35b7cc7a962d086eef6595f26b2dae94,video,P3 — OPTIONAL PATCH MASTER,Hữu ích khi vá picture/subtitle; không bắt buộc để nộp,
renders/v11_patch_r6/segments/0003_S003_01.mp4,155457,0.15,cd3696c57b287ce87b52cd2647fefb4518bbd41f6935412cd07b9d0647ee9807,video,P3 — OPTIONAL PATCH MASTER,Hữu ích khi vá picture/subtitle; không bắt buộc để nộp,
renders/v11_patch_r6/segments/0004_S004_01.mp4,6013649,5.74,7cbdcc6c81ce3d3899861ab04177d9168cfd0e4f7db278bb74c5091aadff0e05,video,P3 — OPTIONAL PATCH MASTER,Hữu ích khi vá picture/subtitle; không bắt buộc để nộp,
renders/v11_patch_r6/segments/0005_S005_01.mp4,3780431,3.61,dce2ae8e493b1d0361a292847b993fec89feef2c013c2f062195a2c1df7a2d67,video,P3 — OPTIONAL PATCH MASTER,Hữu ích khi vá picture/subtitle; không bắt buộc để nộp,
renders/v11_patch_r6/segments/0006_S005_02.mp4,3797229,3.62,935c50af761872d0cf1a3703a729b8e4e722c479d2d9c5574a7a38294916b347,video,P3 — OPTIONAL PATCH MASTER,Hữu ích khi vá picture/subtitle; không bắt buộc để nộp,
renders/v11_patch_r6/segments/0007_S005_03.mp4,3791054,3.62,51dcc0a2e4d5e87d6afce8ef129bc1141b8ef4068d87c26c64d0e448426404c1,video,P3 — OPTIONAL PATCH MASTER,Hữu ích khi vá picture/subtitle; không bắt buộc để nộp,
renders/v11_patch_r6/segments/0008_S005_04.mp4,3815324,3.64,c20eaff89a2e2fcaa5df575100bc3662d939bda4cb95def716da0b125336097b,video,P3 — OPTIONAL PATCH MASTER,Hữu ích khi vá picture/subtitle; không bắt buộc để nộp,
renders/v11_patch_r6/segments/0009_S005_05.mp4,3747577,3.57,37110b48b2d697616dfb85bd88e7260638d174523e4fd90296bbfcf29421c5a0,video,P3 — OPTIONAL PATCH MASTER,Hữu ích khi vá picture/subtitle; không bắt buộc để nộp,
renders/v11_patch_r6/segments/0010_S005_06.mp4,3747851,3.57,9be8c2914ff37e4609eb6c57dfaf5c9332f4cff8f7155b90010d16d76f8ea732,video,P3 — OPTIONAL PATCH MASTER,Hữu ích khi vá picture/subtitle; không bắt buộc để nộp,
renders/v11_patch_r6/segments/0011_S006_01.mp4,3051309,2.91,359a0c8f6bd30ea88917dda372d555ef8dbe2822a0123ab5ab0465e72f91ab4e,video,P3 — OPTIONAL PATCH MASTER,Hữu ích khi vá picture/subtitle; không bắt buộc để nộp,
renders/v11_patch_r6/segments/0012_S006_02.mp4,100368,0.10,1c6e01659345a11665ce1d36a19c535652a03f9025e5a051bfaf5dd0b90247cc,video,P3 — OPTIONAL PATCH MASTER,Hữu ích khi vá picture/subtitle; không bắt buộc để nộp,
renders/v11_patch_r6/segments/0013_S007_01.mp4,96944,0.09,b226e5f8ee091c4c50f820b11d5ffb44248268e3e424bf6d710be20b9e548001,video,P3 — OPTIONAL PATCH MASTER,Hữu ích khi vá picture/subtitle; không bắt buộc để nộp,
renders/v11_patch_r6/segments/0014_S008_01.mp4,3370436,3.21,39a02f9039d4c2faeaa340d8105a12a0d1068a88f6b0af7a563e38e79ac3e6c2,video,P3 — OPTIONAL PATCH MASTER,Hữu ích khi vá picture/subtitle; không bắt buộc để nộp,
renders/v11_patch_r6/segments/0015_S009_01.mp4,5582985,5.32,a1a17aed15f7641fc42f149db8cdc44112f281513cee83ef1067e97fcbe8407c,video,P3 — OPTIONAL PATCH MASTER,Hữu ích khi vá picture/subtitle; không bắt buộc để nộp,
renders/v11_patch_r6/segments/0016_S010_01.mp4,2695070,2.57,cb4d8fc0df547a6b379a167b43920795b454b8ad96e8cb03282fdeeb99e00eb1,video,P3 — OPTIONAL PATCH MASTER,Hữu ích khi vá picture/subtitle; không bắt buộc để nộp,
renders/v11_patch_r6/segments/0017_S010_02.mp4,1093408,1.04,d586c06e97cfecd385b0f01c7993ceba88971a85f9ccf46cf2b88cc58b3a5155,video,P3 — OPTIONAL PATCH MASTER,Hữu ích khi vá picture/subtitle; không bắt buộc để nộp,
renders/v11_patch_r6/segments/0018_S010_03.mp4,2679050,2.55,60c5484939f51ee122644cd0d0972f131d80164921fefbc2c14a4c8708e648bb,video,P3 — OPTIONAL PATCH MASTER,Hữu ích khi vá picture/subtitle; không bắt buộc để nộp,
renders/v11_patch_r6/segments/0019_S011_01.mp4,86323,0.08,a5d3d957daa14e809b081e370ebd88b41a8e218b5afdfb9aff2834a2cef125c4,video,P3 — OPTIONAL PATCH MASTER,Hữu ích khi vá picture/subtitle; không bắt buộc để nộp,
renders/v11_patch_r6/segments/0020_S012_01.mp4,264072,0.25,5fc15e3495d07ad78c3b4cf0b59987106e4eb9161a0d8d892175f78d1ed7a9b1,video,P3 — OPTIONAL PATCH MASTER,Hữu ích khi vá picture/subtitle; không bắt buộc để nộp,
renders/v11_patch_r6/segments/0021_S013_01.mp4,3713380,3.54,9d64a2d4eee7782b8e2232a1aff9400ef0572fe6c96505b3639bad346b8f9036,video,P3 — OPTIONAL PATCH MASTER,Hữu ích khi vá picture/subtitle; không bắt buộc để nộp,
renders/v11_patch_r6/segments/0022_S013_02.mp4,3658270,3.49,29d866ca3a89b0bfaaacf67ac3567f531f8cdb1faf14d62569ccd055a4d099d9,video,P3 — OPTIONAL PATCH MASTER,Hữu ích khi vá picture/subtitle; không bắt buộc để nộp,
renders/v11_patch_r6/segments/0023_S013_03.mp4,3532370,3.37,66aadbe2b755a7d5d9b174cada895e00b86e3241f63bb4912826be1d2280ffd8,video,P3 — OPTIONAL PATCH MASTER,Hữu ích khi vá picture/subtitle; không bắt buộc để nộp,
renders/v11_patch_r6/segments/0024_S013_04.mp4,185084,0.18,31aaf89c3ce00c3cff0c61961202eb6535a8e481067db6d235906a29dccc3c20,video,P3 — OPTIONAL PATCH MASTER,Hữu ích khi vá picture/subtitle; không bắt buộc để nộp,
renders/v11_patch_r6/segments/0025_S014_01.mp4,4362465,4.16,3fa23ec117ccd70d7d5100eac50d0f950a7d3e8a7c8e86d75567d707bd13dafd,video,P3 — OPTIONAL PATCH MASTER,Hữu ích khi vá picture/subtitle; không bắt buộc để nộp,
renders/v11_patch_r6/segments/0026_S014_02.mp4,4305891,4.11,841d683512bfd4ad5e7d593649a2461c6846b25b3d59eeb1d059938c289d51b1,video,P3 — OPTIONAL PATCH MASTER,Hữu ích khi vá picture/subtitle; không bắt buộc để nộp,
renders/v11_patch_r6/segments/0027_S014_03.mp4,4293329,4.09,361060f35e534962794719627eb3b2f996983ff416226e87d8fedcb261ff2fc2,video,P3 — OPTIONAL PATCH MASTER,Hữu ích khi vá picture/subtitle; không bắt buộc để nộp,
renders/v11_patch_r6/segments/0028_S014_04.mp4,217905,0.21,855aa0692fc2a504d8113f83e12bd2dbbbdab9bc52f8e45e6ad33a734391335f,video,P3 — OPTIONAL PATCH MASTER,Hữu ích khi vá picture/subtitle; không bắt buộc để nộp,
renders/v11_patch_r6/segments/0029_S015_01.mp4,4282366,4.08,64636ec7a3dba6b231e70bcddf0454343786a8d2048d054727c22c7ff0cc08a1,video,P3 — OPTIONAL PATCH MASTER,Hữu ích khi vá picture/subtitle; không bắt buộc để nộp,
renders/v11_patch_r6/segments/0030_S016_01.mp4,670156,0.64,d40878d005eadd0ec09416368455103d2e27ce4efaadc0b7ea81ff8d09872b70,video,P3 — OPTIONAL PATCH MASTER,Hữu ích khi vá picture/subtitle; không bắt buộc để nộp,
renders/v11_patch_r6/segments/0031_S017_01.mp4,6355919,6.06,977bd0000215aec3ec096ddb3102112c6b2f70b00a51cfe194bd9d8773ed91b7,video,P3 — OPTIONAL PATCH MASTER,Hữu ích khi vá picture/subtitle; không bắt buộc để nộp,
renders/v11_patch_r6/segments/0032_S017_02.mp4,196873,0.19,2112a5b26b6c26e02fb46dd9e20469dbf7a4449b897e2201b41ed741d1012bbd,video,P3 — OPTIONAL PATCH MASTER,Hữu ích khi vá picture/subtitle; không bắt buộc để nộp,
renders/v11_patch_r6/segments/0033_S018_01.mp4,166463,0.16,0638b2911c64003052c5a92958ec0926390bff2fb1bf1bec1273feba47fac36c,video,P3 — OPTIONAL PATCH MASTER,Hữu ích khi vá picture/subtitle; không bắt buộc để nộp,
renders/v11_patch_r6/segments/0034_S019_01.mp4,172681,0.16,c05d63ee9edeb23067892ab659cfe02831a1a82c8c59cdde2d4c25edb53c55fd,video,P3 — OPTIONAL PATCH MASTER,Hữu ích khi vá picture/subtitle; không bắt buộc để nộp,
renders/v11_patch_r6/segments/0035_S020_01.mp4,130674,0.12,440eb88388eab400839eab128ff80296abe7507c0b9e169410e922355be6537c,video,P3 — OPTIONAL PATCH MASTER,Hữu ích khi vá picture/subtitle; không bắt buộc để nộp,
renders/v11_patch_r6/segments/0036_S021_01.mp4,4586726,4.37,9e659243a94d32cc4c50abe616b7b38e2fcf7792fc8832aee7e566a2cd40e4cf,video,P3 — OPTIONAL PATCH MASTER,Hữu ích khi vá picture/subtitle; không bắt buộc để nộp,
renders/v11_patch_r6/segments/0037_S022_01.mp4,305333,0.29,25fb1f4090af7a03d24aab31f217ea852e5a0ab142c1475d6e94491789aaaec4,video,P3 — OPTIONAL PATCH MASTER,Hữu ích khi vá picture/subtitle; không bắt buộc để nộp,
renders/v11_patch_r6/segments/0038_S023_01.mp4,507763,0.48,4fd3e1b61c2a063f088e98bd43a4bebe7f1879bc365153a79cd81102a2c95d98,video,P3 — OPTIONAL PATCH MASTER,Hữu ích khi vá picture/subtitle; không bắt buộc để nộp,
renders/v11_patch_r6/segments/0039_S023_02.mp4,173584,0.17,e867b905cdae964cc5984470f67d369f4efa72c1c2cd576da6710d6219743325,video,P3 — OPTIONAL PATCH MASTER,Hữu ích khi vá picture/subtitle; không bắt buộc để nộp,
renders/v11_patch_r6/segments/0040_S023_03.mp4,3832876,3.66,9e944bf34721dbb744f6424077bb684cb20ee7b128ad126e6a5dd6e40a5dc1bb,video,P3 — OPTIONAL PATCH MASTER,Hữu ích khi vá picture/subtitle; không bắt buộc để nộp,
renders/v11_patch_r6/segments/0041_S023_04.mp4,3822141,3.65,4ad265163c3becc9eb5f5f526628a903e5ac344e8be8c1fccc9d0a1d6220f174,video,P3 — OPTIONAL PATCH MASTER,Hữu ích khi vá picture/subtitle; không bắt buộc để nộp,
renders/v11_patch_r6/segments/0042_S024_01.mp4,98958,0.09,7839cef5eb1bb5c636a580175dd798b02a8aaa179a9284ba829851a95448218b,video,P3 — OPTIONAL PATCH MASTER,Hữu ích khi vá picture/subtitle; không bắt buộc để nộp,
renders/v11_patch_r6/segments/0043_S025_01.mp4,898813,0.86,f605141851fb931b230cb6fda107bae43fbd98e05d37bc137a52477f26618a9d,video,P3 — OPTIONAL PATCH MASTER,Hữu ích khi vá picture/subtitle; không bắt buộc để nộp,
renders/v11_patch_r6/segments/0044_S026_01.mp4,6731247,6.42,167196efbea17e5ce409e2a892b5c3098722fefeddc76d4f92cad783ea5ab46e,video,P3 — OPTIONAL PATCH MASTER,Hữu ích khi vá picture/subtitle; không bắt buộc để nộp,
renders/v11_patch_r6/segments/0045_S027_01.mp4,261634,0.25,3891e2a3f4d2abc84133425373e65827be8915b7137099a6286979a9d9f295d2,video,P3 — OPTIONAL PATCH MASTER,Hữu ích khi vá picture/subtitle; không bắt buộc để nộp,
renders/v11_patch_r6/segments/0046_S028_01.mp4,3431241,3.27,858b3e1795711b9d99dde38f516db8abc28371478f217c3433542fdc401e6184,video,P3 — OPTIONAL PATCH MASTER,Hữu ích khi vá picture/subtitle; không bắt buộc để nộp,
renders/v11_patch_r6/segments/0047_S029_01.mp4,220116,0.21,a680e09113878367530129a1a0f949469010babed8bda57b48a2a075095e86ae,video,P3 — OPTIONAL PATCH MASTER,Hữu ích khi vá picture/subtitle; không bắt buộc để nộp,
renders/v11_patch_r6/segments/0048_S030_01.mp4,4383884,4.18,3eaa493ce2d4cb5f004b0053fb5249bc198c898ebd2ef9b7d2582a353a4542b6,video,P3 — OPTIONAL PATCH MASTER,Hữu ích khi vá picture/subtitle; không bắt buộc để nộp,
renders/v11_patch_r6/segments/0049_S031_01.mp4,4674487,4.46,bcc48c1c5e4b3bb0987edb2dc9bb64f61028de671c9e9594d98b38978751e0b3,video,P3 — OPTIONAL PATCH MASTER,Hữu ích khi vá picture/subtitle; không bắt buộc để nộp,
renders/v11_patch_r6/segments/0050_S032_01.mp4,301953,0.29,6eb815176f29b1dc843969ba4d6ca8f32d95162b8762aae801b577e5b752d973,video,P3 — OPTIONAL PATCH MASTER,Hữu ích khi vá picture/subtitle; không bắt buộc để nộp,
renders/v11_patch_r6/segments/0051_S033_01.mp4,3797783,3.62,7fbb8cfe8d1aa66c79ebd2f876cf9829588d3d278c4f2824696e6eb0329ad2eb,video,P3 — OPTIONAL PATCH MASTER,Hữu ích khi vá picture/subtitle; không bắt buộc để nộp,
renders/v11_patch_r6/segments/0052_S033_02.mp4,3359662,3.20,b331e240fcd9b8b7f6e7fed1701387e24b1a9d7ff6876fba4ac54eae3291392c,video,P3 — OPTIONAL PATCH MASTER,Hữu ích khi vá picture/subtitle; không bắt buộc để nộp,
renders/v11_patch_r6/segments/0053_S033_03.mp4,3803260,3.63,fc5844d33e19e7165ec2dc9c528937f111e552d84f8c7d70297cfd6a12eaea26,video,P3 — OPTIONAL PATCH MASTER,Hữu ích khi vá picture/subtitle; không bắt buộc để nộp,
renders/v11_patch_r6/segments/0054_S034_01.mp4,329790,0.31,09af7e1c3b052f339241a5ad97b68b245f7345ac861110a0f0713ee22730d5af,video,P3 — OPTIONAL PATCH MASTER,Hữu ích khi vá picture/subtitle; không bắt buộc để nộp,
renders/v11_patch_r6/segments/0055_S035_01.mp4,3395762,3.24,dbecdba93a16ffe1e2226bbe1262b0a843297ea4712810e48ffcd73ab859eb08,video,P3 — OPTIONAL PATCH MASTER,Hữu ích khi vá picture/subtitle; không bắt buộc để nộp,
renders/v11_patch_r6/segments/0056_S035_02.mp4,3362503,3.21,f48d20c60651842d74c76358a7e28f36878363fa05fc5f3be35bd25f45b76a01,video,P3 — OPTIONAL PATCH MASTER,Hữu ích khi vá picture/subtitle; không bắt buộc để nộp,
renders/v11_patch_r6/segments/0057_S035_03.mp4,3378360,3.22,99389eb98597b79ea85e4547e4c822cbd65214f2e97d3a15b6e879d398256fa1,video,P3 — OPTIONAL PATCH MASTER,Hữu ích khi vá picture/subtitle; không bắt buộc để nộp,
renders/v11_patch_r6/segments/0058_S036_01.mp4,301619,0.29,7e0cae6eb9bcd55df813db850a7e7cfa625b19fe013d38c78f4fb3dd5f240061,video,P3 — OPTIONAL PATCH MASTER,Hữu ích khi vá picture/subtitle; không bắt buộc để nộp,
renders/v11_patch_r6/segments/0059_S037_01.mp4,2922478,2.79,43feaf59973a1f7bd181a281843d1f6eb4166dcceb5651e0aecb0088c8b526c5,video,P3 — OPTIONAL PATCH MASTER,Hữu ích khi vá picture/subtitle; không bắt buộc để nộp,
renders/v11_patch_r6/segments/0060_S037_02.mp4,169058,0.16,76497cb4375334bb4480bd534f88c6946c8655c1cc597c4e47bd1de3ca7792fd,video,P3 — OPTIONAL PATCH MASTER,Hữu ích khi vá picture/subtitle; không bắt buộc để nộp,
renders/v11_patch_r6/segments/0061_S037_03.mp4,4022187,3.84,3b543bf7336ad77577e3bb12d679a40a328cc69563e2a4348ffd31914e1dd2f6,video,P3 — OPTIONAL PATCH MASTER,Hữu ích khi vá picture/subtitle; không bắt buộc để nộp,
renders/v11_patch_r6/segments/0062_S037_04.mp4,4028552,3.84,8441f76ad4014b13a332e6f33c685340359f037cd914299070a61926145e15a0,video,P3 — OPTIONAL PATCH MASTER,Hữu ích khi vá picture/subtitle; không bắt buộc để nộp,
renders/v11_patch_r6/segments/0063_S038_01.mp4,245015,0.23,8dbf898d066b0bb2600791642bed80bdeeab5677f48a01e486f5000903cde66a,video,P3 — OPTIONAL PATCH MASTER,Hữu ích khi vá picture/subtitle; không bắt buộc để nộp,
renders/v11_patch_r6/segments/0064_S038_02.mp4,6357249,6.06,6fe7534f02818d8951362b5f94a28122009484acfedf6bda9acb09b038fd0aac,video,P3 — OPTIONAL PATCH MASTER,Hữu ích khi vá picture/subtitle; không bắt buộc để nộp,
renders/v11_patch_r6/segments/0065_S038_03.mp4,6357312,6.06,e88d607cd113089db3014cc2fc464e214849892a1bb91160bcfb0d51181cc958,video,P3 — OPTIONAL PATCH MASTER,Hữu ích khi vá picture/subtitle; không bắt buộc để nộp,
renders/v11_patch_r6/segments/0066_S038_04.mp4,6362247,6.07,8197eb87d8fa1c0c554d7eb7ce55d9f1c99c6aef7af2bd1ee34c5b3d72a10db0,video,P3 — OPTIONAL PATCH MASTER,Hữu ích khi vá picture/subtitle; không bắt buộc để nộp,
renders/v11_patch_r6/segments/0067_S039_01.mp4,179455,0.17,be720c56af1a707ad579d89b42a5d54daf05c2876fe88da41f7692914a6c7cc8,video,P3 — OPTIONAL PATCH MASTER,Hữu ích khi vá picture/subtitle; không bắt buộc để nộp,
renders/v11_patch_r6/segments/0068_S040_01.mp4,2348357,2.24,c24bddf93f93e51615fa8a4e844584c72198e85b1568df94b1574071d66b1a52,video,P3 — OPTIONAL PATCH MASTER,Hữu ích khi vá picture/subtitle; không bắt buộc để nộp,
renders/v11_patch_r6/segments/0069_S041_01.mp4,160286,0.15,d4f184a3831d0ebab132ae52267614401a04bd0cc12d6e0d9d36cf60a40e42e9,video,P3 — OPTIONAL PATCH MASTER,Hữu ích khi vá picture/subtitle; không bắt buộc để nộp,
renders/v11_patch_r6/segments/0070_S041_02.mp4,3802706,3.63,94ce93bd90e41c9f856e6217c590d316146545eaf8f360359e5474026d8a2c28,video,P3 — OPTIONAL PATCH MASTER,Hữu ích khi vá picture/subtitle; không bắt buộc để nộp,
renders/v11_patch_r6/segments/0071_S041_03.mp4,4176273,3.98,e603a274c2f619da7f559690c856e0e5ba7e3c25119db1876bf48f48eeed9573,video,P3 — OPTIONAL PATCH MASTER,Hữu ích khi vá picture/subtitle; không bắt buộc để nộp,
renders/v11_patch_r6/segments/0072_S042_01.mp4,650456,0.62,c475105d584423b29979fc0c2f5719b728c4b2f6bba49e5a7c8b787b54645d52,video,P3 — OPTIONAL PATCH MASTER,Hữu ích khi vá picture/subtitle; không bắt buộc để nộp,
renders/v11_patch_r6/segments/0073_S043_01.mp4,4990894,4.76,487bd7e4e492a002334a9db296d2d38291d44368a36e847db509af6d333cdc6a,video,P3 — OPTIONAL PATCH MASTER,Hữu ích khi vá picture/subtitle; không bắt buộc để nộp,
renders/v11_patch_r6/segments/0074_S044_01.mp4,4276913,4.08,e6a698722d72f58f284c0683d2748fc07ddc8e2253ef17f09e74ea89630bf3ba,video,P3 — OPTIONAL PATCH MASTER,Hữu ích khi vá picture/subtitle; không bắt buộc để nộp,
renders/v11_patch_r6/segments/0075_S045_01.mp4,5297184,5.05,fb640304965998d3631f521bfedd09def919e27e3753d61104b816f56eab5006,video,P3 — OPTIONAL PATCH MASTER,Hữu ích khi vá picture/subtitle; không bắt buộc để nộp,
renders/v11_patch_r6/segments/0076_S045_02.mp4,5765129,5.50,54edf55152544f6b424d1afcd5f2e570221d729b081d1fcce4468dd7b5a98787,video,P3 — OPTIONAL PATCH MASTER,Hữu ích khi vá picture/subtitle; không bắt buộc để nộp,
renders/v11_patch_r6/segments/0077_S046_01.mp4,7481924,7.14,37c47ca7ee4a0bbee9245e455e295318e06e63ae3f67100be8e653be2a206ec9,video,P3 — OPTIONAL PATCH MASTER,Hữu ích khi vá picture/subtitle; không bắt buộc để nộp,
renders/v11_patch_r6/segments/0078_S047_01.mp4,6897336,6.58,b14dd184aad9fd5f3bf8a28f8c1b67fb377c1fe5a83249d31a0986e17c29d701,video,P3 — OPTIONAL PATCH MASTER,Hữu ích khi vá picture/subtitle; không bắt buộc để nộp,
renders/v11_patch_r6/segments/0079_S048_01.mp4,1030242,0.98,f933ed392105be1c9c83ab79ad79d68399cb013754bd900212785a9dcac3422d,video,P3 — OPTIONAL PATCH MASTER,Hữu ích khi vá picture/subtitle; không bắt buộc để nộp,
renders/v11_patch_r6/segments/0080_S049_01.mp4,4734513,4.52,d4fa2c981eac8611951e47df8f911371e34d5377b3c3d542bbf322f304f18c93,video,P3 — OPTIONAL PATCH MASTER,Hữu ích khi vá picture/subtitle; không bắt buộc để nộp,
renders/v11_patch_r6/segments/0081_S050_01.mp4,2315410,2.21,1018b2454d1ca4dd72f8071e821df2490885fb98c69138f4e729b9a3ebe98b77,video,P3 — OPTIONAL PATCH MASTER,Hữu ích khi vá picture/subtitle; không bắt buộc để nộp,
renders/v11_patch_r6/segments/0082_S051_01.mp4,2497224,2.38,29bc70165e34e10e56bdfb451a2f5e54b6c023d59d54426f91aeb997d500cba7,video,P3 — OPTIONAL PATCH MASTER,Hữu ích khi vá picture/subtitle; không bắt buộc để nộp,
renders/v11_patch_r6/segments/0083_S051_02.mp4,254378,0.24,4c15ed222f090b0f0b9c394bd421a560a82708dc55702fbd12d798a1e8df1f52,video,P3 — OPTIONAL PATCH MASTER,Hữu ích khi vá picture/subtitle; không bắt buộc để nộp,
renders/v11_patch_r6/segments/0084_S052_01.mp4,5077632,4.84,f0c10bdfbce1d970877ff497058dac2b42600b23b3215df4268c6892618b0571,video,P3 — OPTIONAL PATCH MASTER,Hữu ích khi vá picture/subtitle; không bắt buộc để nộp,
renders/v11_patch_r6/segments/0085_S052_02.mp4,5066823,4.83,ff736c09e682f2b03f31b43bccc2553f4c5c0bc86c24e0fbcc6078c406a193f5,video,P3 — OPTIONAL PATCH MASTER,Hữu ích khi vá picture/subtitle; không bắt buộc để nộp,
renders/v11_patch_r6/segments/0086_S052_03.mp4,5076310,4.84,97412b17049ca3378e92903d6542ad8be6d4f6c6e39d112875c5d5c6bb3ab19e,video,P3 — OPTIONAL PATCH MASTER,Hữu ích khi vá picture/subtitle; không bắt buộc để nộp,
renders/v11_patch_r6/segments/0087_S052_04.mp4,150206,0.14,a2b004841183adc2f10adc56970cd3014245a1a4a6ef08340ba5d9ae5e1141d9,video,P3 — OPTIONAL PATCH MASTER,Hữu ích khi vá picture/subtitle; không bắt buộc để nộp,
renders/v11_patch_r6/segments/0088_S052_05.mp4,146805,0.14,2650c5b6eec72d324f93ff3a6a991c697e6b7c80fb0a8503e12c139eb81c7253,video,P3 — OPTIONAL PATCH MASTER,Hữu ích khi vá picture/subtitle; không bắt buộc để nộp,
renders/v11_patch_r6/segments/0089_S053_01.mp4,129075,0.12,69aad87decb1e7512fe14f2b972a0651261decfbf5bc04a4b16b9532196d24ed,video,P3 — OPTIONAL PATCH MASTER,Hữu ích khi vá picture/subtitle; không bắt buộc để nộp,
renders/v11_patch_r6/segments/0090_S054_01.mp4,179446,0.17,c7fbb80b54e73c400a22c1f54e1a153eb15ec19434a875465402fa29d5b06c2a,video,P3 — OPTIONAL PATCH MASTER,Hữu ích khi vá picture/subtitle; không bắt buộc để nộp,
renders/v11_patch_r6/segments/0091_S054_02.mp4,215710,0.21,805d8b20a2d6a848eaf95de4811db4d2b0623d0ecb6c80afaf60c1f5a69ad1d4,video,P3 — OPTIONAL PATCH MASTER,Hữu ích khi vá picture/subtitle; không bắt buộc để nộp,
renders/v11_patch_r6/segments/0092_S055_01.mp4,8433399,8.04,cd01b09e8c8f098ca3450be481117d67d4042bcfa083ff81489d0b1a3527f5f3,video,P3 — OPTIONAL PATCH MASTER,Hữu ích khi vá picture/subtitle; không bắt buộc để nộp,
renders/v11_patch_r6/segments/0093_S055_02.mp4,291785,0.28,dfc9443f9ba473cdbdce5ed9331ed3f31bbad2253151c025f0ef7ec04ff62bdc,video,P3 — OPTIONAL PATCH MASTER,Hữu ích khi vá picture/subtitle; không bắt buộc để nộp,
renders/v11_patch_r6/segments/0094_S056_01.mp4,713994,0.68,ed0ed6c8a1f66ec573e493f0333554265e8d94aff93da90bb409c12c37503a8d,video,P3 — OPTIONAL PATCH MASTER,Hữu ích khi vá picture/subtitle; không bắt buộc để nộp,
renders/v11_patch_r6/segments/0095_S057_01.mp4,3793668,3.62,f4cff9fed19f3d9b3d4ee59a147f3e891c96d74581682499fa9867c24791cff7,video,P3 — OPTIONAL PATCH MASTER,Hữu ích khi vá picture/subtitle; không bắt buộc để nộp,
renders/v11_patch_r6/segments/0096_S057_02.mp4,4295304,4.10,36ce8f23151367fd9654b16e7b802a33bea974c12e3b8debeea9dbfcd7a2021c,video,P3 — OPTIONAL PATCH MASTER,Hữu ích khi vá picture/subtitle; không bắt buộc để nộp,
renders/v11_patch_r6/segments/0097_S057_03.mp4,181327,0.17,d6fb7547f8f7467b7c3979d13286c58d1bf13c7cf59b4b6dad54d17c51635c0c,video,P3 — OPTIONAL PATCH MASTER,Hữu ích khi vá picture/subtitle; không bắt buộc để nộp,
renders/v11_patch_r6/segments/0098_S058_01.mp4,264146,0.25,29a758c53df0a30c9fe5d84bd1fb664be2ee738653413e2ff74378ab4e0ae06b,video,P3 — OPTIONAL PATCH MASTER,Hữu ích khi vá picture/subtitle; không bắt buộc để nộp,
renders/v11_patch_r6/segments/0099_S058_02.mp4,6903535,6.58,9138d820bba02ae7638cbdc43fec844b7a7541549ca5e35d68200afcbd17cc36,video,P3 — OPTIONAL PATCH MASTER,Hữu ích khi vá picture/subtitle; không bắt buộc để nộp,
renders/v11_patch_r6/segments/0100_S059_01.mp4,235860,0.22,bbabf475b8ea904f8fdd3c4e513c50af189e28a104fec932a80e6e9b5f545fc3,video,P3 — OPTIONAL PATCH MASTER,Hữu ích khi vá picture/subtitle; không bắt buộc để nộp,
renders/v11_patch_r6/segments/0101_S059_02.mp4,177384,0.17,9c2a18b7beff7b4d1c3eb0b0f41dbb7da13ee7a1b7b7d6b2d261aa3c4aeccf46,video,P3 — OPTIONAL PATCH MASTER,Hữu ích khi vá picture/subtitle; không bắt buộc để nộp,
renders/v11_patch_r6/segments/0102_S060_01.mp4,4205778,4.01,97477424bd4b1d2061ad8df96c9d1e8dbf19b05b7d4707260551dd5314542176,video,P3 — OPTIONAL PATCH MASTER,Hữu ích khi vá picture/subtitle; không bắt buộc để nộp,
renders/v11_patch_r6/segments/0103_S060_02.mp4,4220062,4.02,12b65146fa524f5381f0629da05c24a9376a33e5aaab3bf64401ef6f29805a8c,video,P3 — OPTIONAL PATCH MASTER,Hữu ích khi vá picture/subtitle; không bắt buộc để nộp,
renders/v11_patch_r6/segments/0104_S061_01.mp4,137202,0.13,234741d38de0ba4192e37b138f2ecf5ad4c065a67c4152f3813cd71079bbdd9c,video,P3 — OPTIONAL PATCH MASTER,Hữu ích khi vá picture/subtitle; không bắt buộc để nộp,
renders/v11_patch_r6/segments/0105_S062_01.mp4,5132120,4.89,d8b3744770853e6cb8f0b1f173933d2770c07196ffef7adc6d619a2a1de35f31,video,P3 — OPTIONAL PATCH MASTER,Hữu ích khi vá picture/subtitle; không bắt buộc để nộp,
renders/v11_patch_r6/segments/0106_S063_01.mp4,6085417,5.80,df0e040cfdf816ef306f0faf61117a5fd02ac602b7591db1f58e2702111f3bcc,video,P3 — OPTIONAL PATCH MASTER,Hữu ích khi vá picture/subtitle; không bắt buộc để nộp,
renders/v11_patch_r6/segments/0107_S063_02.mp4,6037027,5.76,88ebb2c25d2dff1248d428953dd23e94d4bb3724e5073f766ac42aa04c0968da,video,P3 — OPTIONAL PATCH MASTER,Hữu ích khi vá picture/subtitle; không bắt buộc để nộp,
renders/v11_patch_r6/segments/0108_S063_03.mp4,6037769,5.76,227cb39b7eb5c013def2adfeee4a4c377ca1a40b2107ad38544ea88239d48faa,video,P3 — OPTIONAL PATCH MASTER,Hữu ích khi vá picture/subtitle; không bắt buộc để nộp,
renders/v11_patch_r6/segments/0109_S064_01.mp4,429730,0.41,7af1261dd89ecec90603e5f46c5c17e471de7c3c6c29b535c388147ecffc9471,video,P3 — OPTIONAL PATCH MASTER,Hữu ích khi vá picture/subtitle; không bắt buộc để nộp,
renders/v11_patch_r6/segments/0110_S065_01.mp4,5055895,4.82,ab5232635124b4dc86c01068f189d048b079dea9f1865e7a644c751c20fb0382,video,P3 — OPTIONAL PATCH MASTER,Hữu ích khi vá picture/subtitle; không bắt buộc để nộp,
renders/v11_patch_r6/segments/0111_S065_02.mp4,5213176,4.97,4a2be675f9a1be868e9f7bb6efc2e6b6b416c4a15948c5508bef1a777098b889,video,P3 — OPTIONAL PATCH MASTER,Hữu ích khi vá picture/subtitle; không bắt buộc để nộp,
renders/v11_patch_r6/segments/0112_S066_01.mp4,4164342,3.97,5bb83854fbb54fb534e92d2665d768dfaf811d1fb132b45ffaa71f9a94135c09,video,P3 — OPTIONAL PATCH MASTER,Hữu ích khi vá picture/subtitle; không bắt buộc để nộp,
renders/v11_patch_r6/segments/0113_S067_01.mp4,5147632,4.91,ec675e7e26a65315e65ebfbb3d5e87ea08b096f3939de0fbd2af0c73e40450c8,video,P3 — OPTIONAL PATCH MASTER,Hữu ích khi vá picture/subtitle; không bắt buộc để nộp,
renders/v11_patch_r6/segments/0114_S067_02.mp4,5804370,5.54,0ae63d949e0c27e448d90deb417e19bc66a048e5ac1907af528f5d9a92fe7b98,video,P3 — OPTIONAL PATCH MASTER,Hữu ích khi vá picture/subtitle; không bắt buộc để nộp,
renders/v11_patch_r6/segments/0115_S068_01.mp4,384270,0.37,31ac4206bc1fd5c080ff92c9d57bde5aeec77e58475168acec1992469208d929,video,P3 — OPTIONAL PATCH MASTER,Hữu ích khi vá picture/subtitle; không bắt buộc để nộp,
renders/v11_patch_r6/segments/0116_S069_01.mp4,2285112,2.18,6b8b98310daff1986a9339960a9186d3d13910c10c8f74e9fa7f08b975756219,video,P3 — OPTIONAL PATCH MASTER,Hữu ích khi vá picture/subtitle; không bắt buộc để nộp,
renders/v11_patch_r6/segments/0117_S070_01.mp4,547433,0.52,232e5ae6f8ffa6a4a4cf9d98f43a8e04b6ea969e56a09db08ce8b7669e883021,video,P3 — OPTIONAL PATCH MASTER,Hữu ích khi vá picture/subtitle; không bắt buộc để nộp,
renders/v11_patch_r6/segments/0118_S071_01.mp4,4397485,4.19,101cb936c645443f9d9584903eb4dfbe9c9fb81ec33e79b89e2d1a7a4bdbd45d,video,P3 — OPTIONAL PATCH MASTER,Hữu ích khi vá picture/subtitle; không bắt buộc để nộp,
renders/v11_patch_r6/segments/0119_S071_02.mp4,4962653,4.73,0ab5d6d3d930a9fdc7335a14072fdb46f7182b8a225736ae468ea0124b1b3e09,video,P3 — OPTIONAL PATCH MASTER,Hữu ích khi vá picture/subtitle; không bắt buộc để nộp,
renders/v11_patch_r6/segments/0120_S072_01.mp4,4567576,4.36,e47e4c55a770de7f322ea486db35c7c360b20f30f76d1afc0dae7f8533d37bdc,video,P3 — OPTIONAL PATCH MASTER,Hữu ích khi vá picture/subtitle; không bắt buộc để nộp,
renders/v11_patch_r6/segments/0121_S072_02.mp4,3208616,3.06,1e73836c34d42ec2666087f7c21218e31da5bc47636885b360b90f948b9c43d8,video,P3 — OPTIONAL PATCH MASTER,Hữu ích khi vá picture/subtitle; không bắt buộc để nộp,
renders/v11_patch_r6/segments/0122_S073_01.mp4,4445546,4.24,c6288f91d572fd6dddf9a5445dfeac08620c28be03aa17609a4ee29dc4943be0,video,P3 — OPTIONAL PATCH MASTER,Hữu ích khi vá picture/subtitle; không bắt buộc để nộp,
renders/v11_patch_r6/segments/0123_S073_02.mp4,4393945,4.19,5bd92dd97824a8243daa8a8740989a938a5b5b55462e1845409a70602538effe,video,P3 — OPTIONAL PATCH MASTER,Hữu ích khi vá picture/subtitle; không bắt buộc để nộp,
renders/v11_patch_r6/segments/0124_S074_01.mp4,317276,0.30,65ff12e9179171c6a633cc488e2d02ff6ab3e7ff936239a406779d7fa570cd83,video,P3 — OPTIONAL PATCH MASTER,Hữu ích khi vá picture/subtitle; không bắt buộc để nộp,
renders/v11_patch_r6/segments/0125_S075_01.mp4,172327,0.16,8b6bfae6ab8060defd60af98a83a1b91289663118bb72d2601eee20235336740,video,P3 — OPTIONAL PATCH MASTER,Hữu ích khi vá picture/subtitle; không bắt buộc để nộp,
renders/v11_patch_r6/segments/0126_S076_01.mp4,241960,0.23,87c24c0afb152989a297b84a83f61ed97c4a608cadd618cea231ebffbe830a19,video,P3 — OPTIONAL PATCH MASTER,Hữu ích khi vá picture/subtitle; không bắt buộc để nộp,
renders/v11_patch_r6/segments/0127_S077_01.mp4,316978,0.30,88655696d71f4aca4c2c10e55a683b1621d55c96369029dc5cbbeb28c98228fb,video,P3 — OPTIONAL PATCH MASTER,Hữu ích khi vá picture/subtitle; không bắt buộc để nộp,
renders/v11_patch_r6/segments/0128_S077_02.mp4,5662166,5.40,38b5cd163f30f4db75ba3012a1aebd2ab84dddcc6d8c5201ccc50c0095206601,video,P3 — OPTIONAL PATCH MASTER,Hữu ích khi vá picture/subtitle; không bắt buộc để nộp,
renders/v11_patch_r6/segments/0129_S077_03.mp4,6049206,5.77,899ba5046d351ee6f8a8e08bb88b7034d3b77f34b6840666507b111bb31f6ab4,video,P3 — OPTIONAL PATCH MASTER,Hữu ích khi vá picture/subtitle; không bắt buộc để nộp,
renders/v11_patch_r6/segments/0130_S078_01.mp4,230536,0.22,2d6f7a31c708a7f75c0e96cfc25a2e2d538ece50358306573e60d2cbe143b0b3,video,P3 — OPTIONAL PATCH MASTER,Hữu ích khi vá picture/subtitle; không bắt buộc để nộp,
renders/v11_patch_r6/segments/0131_S078_02.mp4,6800125,6.49,5189499ad3844ab73b62877d86eeb6966bc7ef801df141d832f83828f47f2766,video,P3 — OPTIONAL PATCH MASTER,Hữu ích khi vá picture/subtitle; không bắt buộc để nộp,
renders/v11_patch_r6/segments/0132_S078_03.mp4,6792464,6.48,78f00a39111e52eb52b76caf35d55ac4cfc8340fba54249fe1496f0e38762575,video,P3 — OPTIONAL PATCH MASTER,Hữu ích khi vá picture/subtitle; không bắt buộc để nộp,
renders/v11_patch_r6/segments/0133_S078_04.mp4,3027938,2.89,118aba8805f74b0129193ff93e979d5e042d430c135695752daaa8fe7c3c56b6,video,P3 — OPTIONAL PATCH MASTER,Hữu ích khi vá picture/subtitle; không bắt buộc để nộp,
renders/v11_patch_r6/segments/0134_S078_05.mp4,6702619,6.39,47302f33900d7647f2980e6aa96ac3983238fbd4e99bc536a6362273af0138be,video,P3 — OPTIONAL PATCH MASTER,Hữu ích khi vá picture/subtitle; không bắt buộc để nộp,
renders/v11_patch_r6/segments/0135_S078_06.mp4,4534886,4.32,ff3db1b3a949674dfcafcf9ea892413824a4a33c0ab14369837fef572948a0fc,video,P3 — OPTIONAL PATCH MASTER,Hữu ích khi vá picture/subtitle; không bắt buộc để nộp,
renders/v11_patch_r6/segments/0136_S079_01.mp4,239061,0.23,1bbfde28fc573c2da90256dc3b5b1cb234f70c14ae43530fa6368aaf915ead2c,video,P3 — OPTIONAL PATCH MASTER,Hữu ích khi vá picture/subtitle; không bắt buộc để nộp,
renders/v11_patch_r6/segments/0137_S079_02.mp4,221747,0.21,eede54db8277979fa4a22450f7764576214f85e772bd05c316a82c2bc1d686d7,video,P3 — OPTIONAL PATCH MASTER,Hữu ích khi vá picture/subtitle; không bắt buộc để nộp,
renders/v11_patch_r6/segments/0138_S079_03.mp4,190113,0.18,b340c94efbdf545dff840ca74dcafff4a9e3a8e37ce97bc0e6d56a8536556384,video,P3 — OPTIONAL PATCH MASTER,Hữu ích khi vá picture/subtitle; không bắt buộc để nộp,
renders/v11_patch_r6/segments/0139_S079_04.mp4,5107204,4.87,89347ef6968930f147b36ecba45764df994317542c0cb24580b5c833851ce5d8,video,P3 — OPTIONAL PATCH MASTER,Hữu ích khi vá picture/subtitle; không bắt buộc để nộp,
renders/v11_patch_r6/segments/0140_S079_05.mp4,295483,0.28,d07ef0482a273f9db79b19c6b73cc84641fea5be4beea2bc37398943262f7c9d,video,P3 — OPTIONAL PATCH MASTER,Hữu ích khi vá picture/subtitle; không bắt buộc để nộp,
renders/v11_patch_r6/segments/0141_S080_01.mp4,3833442,3.66,661c5093ecbc3f571b6e243c16955d07ee9093dd9dc35db80990110d65d4ac1c,video,P3 — OPTIONAL PATCH MASTER,Hữu ích khi vá picture/subtitle; không bắt buộc để nộp,
renders/v11_patch_r6/segments/0142_S080_02.mp4,3433263,3.27,ee206f1b9fd497a834d98524b4f9439bfe8457e00666f1633188f05f28ff9b61,video,P3 — OPTIONAL PATCH MASTER,Hữu ích khi vá picture/subtitle; không bắt buộc để nộp,
renders/v11_patch_r6/segments/0143_S080_03.mp4,205970,0.20,e8ce6f5754dc0899c44c3131620c714a22a6345daab1a32d6f4ec351563dd564,video,P3 — OPTIONAL PATCH MASTER,Hữu ích khi vá picture/subtitle; không bắt buộc để nộp,
renders/v11_patch_r6/segments/0144_S081_01.mp4,171388,0.16,a913c9eb8fd45b603380c532406993226e412809f607fbf38eb822741f1b4395,video,P3 — OPTIONAL PATCH MASTER,Hữu ích khi vá picture/subtitle; không bắt buộc để nộp,
renders/v11_patch_r6/segments/0145_S081_02.mp4,4104612,3.91,e38c4c176e81518a3a58f47d776591dc693a5713cb6d86094fa48d25673668b6,video,P3 — OPTIONAL PATCH MASTER,Hữu ích khi vá picture/subtitle; không bắt buộc để nộp,
renders/v11_patch_r6/segments/0146_S081_03.mp4,1735137,1.65,1484c7c18b041f856476c2eabb33fc642796111d0a5c9ae06b0b25cd6dfc0210,video,P3 — OPTIONAL PATCH MASTER,Hữu ích khi vá picture/subtitle; không bắt buộc để nộp,
renders/v11_patch_r6/segments/0147_S082_01.mp4,147398,0.14,cae7303d4a698a21cd58fd8ef8e2415e8458eab1b2e55c4995dc5748928929bc,video,P3 — OPTIONAL PATCH MASTER,Hữu ích khi vá picture/subtitle; không bắt buộc để nộp,
renders/v11_patch_r6/segments/0148_S083_01.mp4,171374,0.16,86f0da535f67f4519a3a1f3c92e63e32ff1ebfa98cdd07f23646090213dc76e7,video,P3 — OPTIONAL PATCH MASTER,Hữu ích khi vá picture/subtitle; không bắt buộc để nộp,
renders/v11_patch_r6/segments/0149_S083_02.mp4,4652569,4.44,7d54454033e95c295a5cdfdca265a30dedf5c4ab32bdd5c685882968443726bf,video,P3 — OPTIONAL PATCH MASTER,Hữu ích khi vá picture/subtitle; không bắt buộc để nộp,
renders/v11_patch_r6/segments/0150_S083_03.mp4,4735701,4.52,63a8bb88c4b7ef13e1c99be2cda79fb1daff4ac30f973a36cd8c36729d63239e,video,P3 — OPTIONAL PATCH MASTER,Hữu ích khi vá picture/subtitle; không bắt buộc để nộp,
renders/v11_patch_r6/segments/0151_S084_01.mp4,4874828,4.65,9906800447b7b299ab1439668aed40bc1a6f86bffb001de833c07e81ce4b67c0,video,P3 — OPTIONAL PATCH MASTER,Hữu ích khi vá picture/subtitle; không bắt buộc để nộp,
renders/v11_patch_r6/segments/0152_S084_02.mp4,4313726,4.11,60cf8242d087655d1a89e2a3bba651181b987a60a82c795b69103875c5b6ad17,video,P3 — OPTIONAL PATCH MASTER,Hữu ích khi vá picture/subtitle; không bắt buộc để nộp,
renders/v11_patch_r6/segments/0153_S084_03.mp4,212395,0.20,7a3c10d64a83e4909d5158eb726a15b54fca9b6c9dbd3aa441353406a4469e6d,video,P3 — OPTIONAL PATCH MASTER,Hữu ích khi vá picture/subtitle; không bắt buộc để nộp,
renders/v11_patch_r6/segments/0154_S085_01.mp4,227660,0.22,674df366e841f1752acc6e2726b5250b526f6f321c854247108804a44b209477,video,P3 — OPTIONAL PATCH MASTER,Hữu ích khi vá picture/subtitle; không bắt buộc để nộp,
renders/v11_patch_r6/segments/0155_S085_02.mp4,4932423,4.70,17843913f5b06bfe7da069739a5bd9ad9d0dbe4f405fef98885124c52dcf5af3,video,P3 — OPTIONAL PATCH MASTER,Hữu ích khi vá picture/subtitle; không bắt buộc để nộp,
renders/v11_patch_r6/segments/0156_S085_03.mp4,2585764,2.47,04ac20d09c7f38443a06c7c0db63b8abc1eee0e9bd2d1b6befd36c14d2d58512,video,P3 — OPTIONAL PATCH MASTER,Hữu ích khi vá picture/subtitle; không bắt buộc để nộp,
renders/v11_patch_r6/segments/0157_S086_01.mp4,296135,0.28,283a80653a08e32d60b8739508502230a290c17e4eaf54dba52e5eda62c1f887,video,P3 — OPTIONAL PATCH MASTER,Hữu ích khi vá picture/subtitle; không bắt buộc để nộp,
renders/v11_patch_r6/segments/0158_S086_02.mp4,5459302,5.21,042c7f02bcabee136bdf03109a33bee1388f7eb9a3c6f90cac62eb69edd66df4,video,P3 — OPTIONAL PATCH MASTER,Hữu ích khi vá picture/subtitle; không bắt buộc để nộp,
renders/v11_patch_r6/segments/0159_S086_03.mp4,5524766,5.27,c366bdf7f0bf96e4337bb4a9a98ea09a8571f1bdebe2c5d42c26a84edb5be2d6,video,P3 — OPTIONAL PATCH MASTER,Hữu ích khi vá picture/subtitle; không bắt buộc để nộp,
renders/v11_patch_r6/segments/0160_S087_01.mp4,162258,0.15,8f39cd6c8777e8a82a7592f5da4336c5c06b9482790b4445f4953337f1f26801,video,P3 — OPTIONAL PATCH MASTER,Hữu ích khi vá picture/subtitle; không bắt buộc để nộp,
renders/v11_patch_r6/segments/0161_S087_02.mp4,3674014,3.50,03a753abaef6eeee12b88c00e18211d163865f0a8502bf3bd8d38b4aad272ee5,video,P3 — OPTIONAL PATCH MASTER,Hữu ích khi vá picture/subtitle; không bắt buộc để nộp,
renders/v11_patch_r6/segments/0162_S088_01.mp4,212512,0.20,9d5bc6533e351e7d02c5a1f284900f93ab14192da05cccdd64861fb75f68670d,video,P3 — OPTIONAL PATCH MASTER,Hữu ích khi vá picture/subtitle; không bắt buộc để nộp,
renders/v11_patch_r6/segments/0163_S088_02.mp4,5574475,5.32,0deafbaf5ad9146a9f05ccd915a96c8aa98d0b385781218fbb23e8661e37c8c0,video,P3 — OPTIONAL PATCH MASTER,Hữu ích khi vá picture/subtitle; không bắt buộc để nộp,
renders/v11_patch_r6/segments/0164_S089_01.mp4,347135,0.33,46a0a937c5fe3465563d59f4cb7517e3e841586ec300b0f675c48003469d9729,video,P3 — OPTIONAL PATCH MASTER,Hữu ích khi vá picture/subtitle; không bắt buộc để nộp,
renders/v11_patch_r6/segments/0165_S090_01.mp4,338755,0.32,9297aa0b8ed91d49dde6fe52fe9cab6f73d56dd7e7dd79cbff353abfd75a0903,video,P3 — OPTIONAL PATCH MASTER,Hữu ích khi vá picture/subtitle; không bắt buộc để nộp,
renders/v11_patch_r6/segments/0166_S090_02.mp4,9007915,8.59,36e2a870439632ccfc773c2a9a8127d291b55ac99a2a1b096bd2e5f25a492bae,video,P3 — OPTIONAL PATCH MASTER,Hữu ích khi vá picture/subtitle; không bắt buộc để nộp,
renders/v11_patch_r6/segments/0167_S091_01.mp4,139109,0.13,6022245255ca459514da838a00faea3541b550d6997318e7754c8209cd11c993,video,P3 — OPTIONAL PATCH MASTER,Hữu ích khi vá picture/subtitle; không bắt buộc để nộp,
renders/v11_patch_r6/segments/0168_S092_01.mp4,297225,0.28,217f15731d20ba65635597a53c6fbc8fc971c299dbddf30d1d13b193fa0a8575,video,P3 — OPTIONAL PATCH MASTER,Hữu ích khi vá picture/subtitle; không bắt buộc để nộp,
renders/v11_patch_r6/segments/0169_S093_01.mp4,280273,0.27,f11854478bebef47612161bd397d6560260fbe8c603aeb313832032690d4b730,video,P3 — OPTIONAL PATCH MASTER,Hữu ích khi vá picture/subtitle; không bắt buộc để nộp,
renders/v11_patch_r6/segments/0170_S094_01.mp4,386407,0.37,ee4f74adebcdc46a123a07c2ed23ea2bcd53a92cb7630e7e0b3d8c81e7ead9f4,video,P3 — OPTIONAL PATCH MASTER,Hữu ích khi vá picture/subtitle; không bắt buộc để nộp,
renders/v11_patch_r6/segments/0171_S095_01.mp4,5339744,5.09,db31b1aa6985ba7bf815f094bff1d66efc98c4fc4a65a80beceafb91a6c9c697,video,P3 — OPTIONAL PATCH MASTER,Hữu ích khi vá picture/subtitle; không bắt buộc để nộp,
renders/v11_patch_r6/segments/0172_S095_02.mp4,5033535,4.80,c4ce7f184a3a35a467d94b361115e5e7dd975d42c1a06f3bfeb5a2caa9ee1a78,video,P3 — OPTIONAL PATCH MASTER,Hữu ích khi vá picture/subtitle; không bắt buộc để nộp,
renders/archive_v11/FINAL_FEENBERG_DOCUMENTARY_V11_R5_LOCKED.mp4,1150121937,1096.84,8b7e88a4bf2849369bc4f8bf25e721afba332a201b8e8da588a3720bacd39102,video,P3 — OPTIONAL ROLLBACK,Chỉ upload nếu nhóm muốn giữ đường lui R5,
renders/v11_final_r6/FINAL_FEENBERG_DOCUMENTARY_V11_R6_candidate.mp4,1212145146,1155.99,039bfe2c5d7ea00e1eec601f91286e634940549153243bf2ea057c47ce641c83,video,P4 — DO NOT UPLOAD,Candidate có thể tái sinh; không đưa lên Drive,
assets/v11_overlays_r3/S002_01_provenance.png,10721,0.01,3dbfd4463ee4483738e8f1d52e73bf968afe3e0a168a9daac8d19dd6f110ec85,image,P4 — DUPLICATE,Không upload; trùng nội dung với assets/v11_overlays_r3/S001_01_provenance.png,assets/v11_overlays_r3/S001_01_provenance.png
assets/v11_overlays_r3/S002_overlay.png,8117,0.01,2ddd2a231ccc44c9ecbef59b1c310a1f293d200347f766c8f21f19e8921bef31,image,P4 — DUPLICATE,Không upload; trùng nội dung với assets/v11_overlays_r3/S001_overlay.png,assets/v11_overlays_r3/S001_overlay.png
assets/v11_overlays_r3/S003_01_provenance.png,8117,0.01,2ddd2a231ccc44c9ecbef59b1c310a1f293d200347f766c8f21f19e8921bef31,image,P4 — DUPLICATE,Không upload; trùng nội dung với assets/v11_overlays_r3/S001_overlay.png,assets/v11_overlays_r3/S001_overlay.png
assets/v11_overlays_r3/S003_overlay.png,8117,0.01,2ddd2a231ccc44c9ecbef59b1c310a1f293d200347f766c8f21f19e8921bef31,image,P4 — DUPLICATE,Không upload; trùng nội dung với assets/v11_overlays_r3/S001_overlay.png,assets/v11_overlays_r3/S001_overlay.png
assets/v11_overlays_r3/S004_01_provenance.png,10721,0.01,3dbfd4463ee4483738e8f1d52e73bf968afe3e0a168a9daac8d19dd6f110ec85,image,P4 — DUPLICATE,Không upload; trùng nội dung với assets/v11_overlays_r3/S001_01_provenance.png,assets/v11_overlays_r3/S001_01_provenance.png
assets/v11_overlays_r3/S004_overlay.png,8117,0.01,2ddd2a231ccc44c9ecbef59b1c310a1f293d200347f766c8f21f19e8921bef31,image,P4 — DUPLICATE,Không upload; trùng nội dung với assets/v11_overlays_r3/S001_overlay.png,assets/v11_overlays_r3/S001_overlay.png
assets/v11_overlays_r3/S005_01_provenance.png,10721,0.01,3dbfd4463ee4483738e8f1d52e73bf968afe3e0a168a9daac8d19dd6f110ec85,image,P4 — DUPLICATE,Không upload; trùng nội dung với assets/v11_overlays_r3/S001_01_provenance.png,assets/v11_overlays_r3/S001_01_provenance.png
assets/v11_overlays_r3/S005_02_provenance.png,8117,0.01,2ddd2a231ccc44c9ecbef59b1c310a1f293d200347f766c8f21f19e8921bef31,image,P4 — DUPLICATE,Không upload; trùng nội dung với assets/v11_overlays_r3/S001_overlay.png,assets/v11_overlays_r3/S001_overlay.png
assets/v11_overlays_r3/S005_03_provenance.png,10721,0.01,3dbfd4463ee4483738e8f1d52e73bf968afe3e0a168a9daac8d19dd6f110ec85,image,P4 — DUPLICATE,Không upload; trùng nội dung với assets/v11_overlays_r3/S001_01_provenance.png,assets/v11_overlays_r3/S001_01_provenance.png
assets/v11_overlays_r3/S005_04_provenance.png,8117,0.01,2ddd2a231ccc44c9ecbef59b1c310a1f293d200347f766c8f21f19e8921bef31,image,P4 — DUPLICATE,Không upload; trùng nội dung với assets/v11_overlays_r3/S001_overlay.png,assets/v11_overlays_r3/S001_overlay.png
assets/v11_overlays_r3/S005_05_provenance.png,8117,0.01,2ddd2a231ccc44c9ecbef59b1c310a1f293d200347f766c8f21f19e8921bef31,image,P4 — DUPLICATE,Không upload; trùng nội dung với assets/v11_overlays_r3/S001_overlay.png,assets/v11_overlays_r3/S001_overlay.png
assets/v11_overlays_r3/S005_06_provenance.png,8117,0.01,2ddd2a231ccc44c9ecbef59b1c310a1f293d200347f766c8f21f19e8921bef31,image,P4 — DUPLICATE,Không upload; trùng nội dung với assets/v11_overlays_r3/S001_overlay.png,assets/v11_overlays_r3/S001_overlay.png
assets/v11_overlays_r3/S006_01_provenance.png,10721,0.01,3dbfd4463ee4483738e8f1d52e73bf968afe3e0a168a9daac8d19dd6f110ec85,image,P4 — DUPLICATE,Không upload; trùng nội dung với assets/v11_overlays_r3/S001_01_provenance.png,assets/v11_overlays_r3/S001_01_provenance.png
assets/v11_overlays_r3/S006_02_provenance.png,8117,0.01,2ddd2a231ccc44c9ecbef59b1c310a1f293d200347f766c8f21f19e8921bef31,image,P4 — DUPLICATE,Không upload; trùng nội dung với assets/v11_overlays_r3/S001_overlay.png,assets/v11_overlays_r3/S001_overlay.png
assets/v11_overlays_r3/S006_overlay.png,8117,0.01,2ddd2a231ccc44c9ecbef59b1c310a1f293d200347f766c8f21f19e8921bef31,image,P4 — DUPLICATE,Không upload; trùng nội dung với assets/v11_overlays_r3/S001_overlay.png,assets/v11_overlays_r3/S001_overlay.png
assets/v11_overlays_r3/S007_01_provenance.png,8117,0.01,2ddd2a231ccc44c9ecbef59b1c310a1f293d200347f766c8f21f19e8921bef31,image,P4 — DUPLICATE,Không upload; trùng nội dung với assets/v11_overlays_r3/S001_overlay.png,assets/v11_overlays_r3/S001_overlay.png
assets/v11_overlays_r3/S007_overlay.png,8117,0.01,2ddd2a231ccc44c9ecbef59b1c310a1f293d200347f766c8f21f19e8921bef31,image,P4 — DUPLICATE,Không upload; trùng nội dung với assets/v11_overlays_r3/S001_overlay.png,assets/v11_overlays_r3/S001_overlay.png
assets/v11_overlays_r3/S008_01_provenance.png,8117,0.01,2ddd2a231ccc44c9ecbef59b1c310a1f293d200347f766c8f21f19e8921bef31,image,P4 — DUPLICATE,Không upload; trùng nội dung với assets/v11_overlays_r3/S001_overlay.png,assets/v11_overlays_r3/S001_overlay.png
assets/v11_overlays_r3/S008_overlay.png,8117,0.01,2ddd2a231ccc44c9ecbef59b1c310a1f293d200347f766c8f21f19e8921bef31,image,P4 — DUPLICATE,Không upload; trùng nội dung với assets/v11_overlays_r3/S001_overlay.png,assets/v11_overlays_r3/S001_overlay.png
assets/v11_overlays_r3/S009_01_provenance.png,10721,0.01,3dbfd4463ee4483738e8f1d52e73bf968afe3e0a168a9daac8d19dd6f110ec85,image,P4 — DUPLICATE,Không upload; trùng nội dung với assets/v11_overlays_r3/S001_01_provenance.png,assets/v11_overlays_r3/S001_01_provenance.png
assets/v11_overlays_r3/S009_overlay.png,8117,0.01,2ddd2a231ccc44c9ecbef59b1c310a1f293d200347f766c8f21f19e8921bef31,image,P4 — DUPLICATE,Không upload; trùng nội dung với assets/v11_overlays_r3/S001_overlay.png,assets/v11_overlays_r3/S001_overlay.png
assets/v11_overlays_r3/S010_01_provenance.png,8117,0.01,2ddd2a231ccc44c9ecbef59b1c310a1f293d200347f766c8f21f19e8921bef31,image,P4 — DUPLICATE,Không upload; trùng nội dung với assets/v11_overlays_r3/S001_overlay.png,assets/v11_overlays_r3/S001_overlay.png
assets/v11_overlays_r3/S010_02_provenance.png,8117,0.01,2ddd2a231ccc44c9ecbef59b1c310a1f293d200347f766c8f21f19e8921bef31,image,P4 — DUPLICATE,Không upload; trùng nội dung với assets/v11_overlays_r3/S001_overlay.png,assets/v11_overlays_r3/S001_overlay.png
assets/v11_overlays_r3/S010_03_provenance.png,8117,0.01,2ddd2a231ccc44c9ecbef59b1c310a1f293d200347f766c8f21f19e8921bef31,image,P4 — DUPLICATE,Không upload; trùng nội dung với assets/v11_overlays_r3/S001_overlay.png,assets/v11_overlays_r3/S001_overlay.png
assets/v11_overlays_r3/S010_overlay.png,8117,0.01,2ddd2a231ccc44c9ecbef59b1c310a1f293d200347f766c8f21f19e8921bef31,image,P4 — DUPLICATE,Không upload; trùng nội dung với assets/v11_overlays_r3/S001_overlay.png,assets/v11_overlays_r3/S001_overlay.png
assets/v11_overlays_r3/S011_01_provenance.png,8117,0.01,2ddd2a231ccc44c9ecbef59b1c310a1f293d200347f766c8f21f19e8921bef31,image,P4 — DUPLICATE,Không upload; trùng nội dung với assets/v11_overlays_r3/S001_overlay.png,assets/v11_overlays_r3/S001_overlay.png
assets/v11_overlays_r3/S011_overlay.png,8117,0.01,2ddd2a231ccc44c9ecbef59b1c310a1f293d200347f766c8f21f19e8921bef31,image,P4 — DUPLICATE,Không upload; trùng nội dung với assets/v11_overlays_r3/S001_overlay.png,assets/v11_overlays_r3/S001_overlay.png
assets/v11_overlays_r3/S012_01_provenance.png,8117,0.01,2ddd2a231ccc44c9ecbef59b1c310a1f293d200347f766c8f21f19e8921bef31,image,P4 — DUPLICATE,Không upload; trùng nội dung với assets/v11_overlays_r3/S001_overlay.png,assets/v11_overlays_r3/S001_overlay.png
assets/v11_overlays_r3/S012_overlay.png,8117,0.01,2ddd2a231ccc44c9ecbef59b1c310a1f293d200347f766c8f21f19e8921bef31,image,P4 — DUPLICATE,Không upload; trùng nội dung với assets/v11_overlays_r3/S001_overlay.png,assets/v11_overlays_r3/S001_overlay.png
assets/v11_overlays_r3/S013_01_provenance.png,10721,0.01,3dbfd4463ee4483738e8f1d52e73bf968afe3e0a168a9daac8d19dd6f110ec85,image,P4 — DUPLICATE,Không upload; trùng nội dung với assets/v11_overlays_r3/S001_01_provenance.png,assets/v11_overlays_r3/S001_01_provenance.png
assets/v11_overlays_r3/S013_02_provenance.png,8117,0.01,2ddd2a231ccc44c9ecbef59b1c310a1f293d200347f766c8f21f19e8921bef31,image,P4 — DUPLICATE,Không upload; trùng nội dung với assets/v11_overlays_r3/S001_overlay.png,assets/v11_overlays_r3/S001_overlay.png
assets/v11_overlays_r3/S013_03_provenance.png,10721,0.01,3dbfd4463ee4483738e8f1d52e73bf968afe3e0a168a9daac8d19dd6f110ec85,image,P4 — DUPLICATE,Không upload; trùng nội dung với assets/v11_overlays_r3/S001_01_provenance.png,assets/v11_overlays_r3/S001_01_provenance.png
assets/v11_overlays_r3/S013_04_provenance.png,8117,0.01,2ddd2a231ccc44c9ecbef59b1c310a1f293d200347f766c8f21f19e8921bef31,image,P4 — DUPLICATE,Không upload; trùng nội dung với assets/v11_overlays_r3/S001_overlay.png,assets/v11_overlays_r3/S001_overlay.png
assets/v11_overlays_r3/S013_overlay.png,8117,0.01,2ddd2a231ccc44c9ecbef59b1c310a1f293d200347f766c8f21f19e8921bef31,image,P4 — DUPLICATE,Không upload; trùng nội dung với assets/v11_overlays_r3/S001_overlay.png,assets/v11_overlays_r3/S001_overlay.png
assets/v11_overlays_r3/S014_01_provenance.png,10721,0.01,3dbfd4463ee4483738e8f1d52e73bf968afe3e0a168a9daac8d19dd6f110ec85,image,P4 — DUPLICATE,Không upload; trùng nội dung với assets/v11_overlays_r3/S001_01_provenance.png,assets/v11_overlays_r3/S001_01_provenance.png
assets/v11_overlays_r3/S014_02_provenance.png,8117,0.01,2ddd2a231ccc44c9ecbef59b1c310a1f293d200347f766c8f21f19e8921bef31,image,P4 — DUPLICATE,Không upload; trùng nội dung với assets/v11_overlays_r3/S001_overlay.png,assets/v11_overlays_r3/S001_overlay.png
assets/v11_overlays_r3/S014_03_provenance.png,8117,0.01,2ddd2a231ccc44c9ecbef59b1c310a1f293d200347f766c8f21f19e8921bef31,image,P4 — DUPLICATE,Không upload; trùng nội dung với assets/v11_overlays_r3/S001_overlay.png,assets/v11_overlays_r3/S001_overlay.png
assets/v11_overlays_r3/S014_04_provenance.png,8117,0.01,2ddd2a231ccc44c9ecbef59b1c310a1f293d200347f766c8f21f19e8921bef31,image,P4 — DUPLICATE,Không upload; trùng nội dung với assets/v11_overlays_r3/S001_overlay.png,assets/v11_overlays_r3/S001_overlay.png
assets/v11_overlays_r3/S014_overlay.png,8117,0.01,2ddd2a231ccc44c9ecbef59b1c310a1f293d200347f766c8f21f19e8921bef31,image,P4 — DUPLICATE,Không upload; trùng nội dung với assets/v11_overlays_r3/S001_overlay.png,assets/v11_overlays_r3/S001_overlay.png
assets/v11_overlays_r3/S015_01_provenance.png,10721,0.01,3dbfd4463ee4483738e8f1d52e73bf968afe3e0a168a9daac8d19dd6f110ec85,image,P4 — DUPLICATE,Không upload; trùng nội dung với assets/v11_overlays_r3/S001_01_provenance.png,assets/v11_overlays_r3/S001_01_provenance.png
assets/v11_overlays_r3/S016_01_provenance.png,8117,0.01,2ddd2a231ccc44c9ecbef59b1c310a1f293d200347f766c8f21f19e8921bef31,image,P4 — DUPLICATE,Không upload; trùng nội dung với assets/v11_overlays_r3/S001_overlay.png,assets/v11_overlays_r3/S001_overlay.png
assets/v11_overlays_r3/S016_overlay.png,8117,0.01,2ddd2a231ccc44c9ecbef59b1c310a1f293d200347f766c8f21f19e8921bef31,image,P4 — DUPLICATE,Không upload; trùng nội dung với assets/v11_overlays_r3/S001_overlay.png,assets/v11_overlays_r3/S001_overlay.png
assets/v11_overlays_r3/S017_01_provenance.png,8117,0.01,2ddd2a231ccc44c9ecbef59b1c310a1f293d200347f766c8f21f19e8921bef31,image,P4 — DUPLICATE,Không upload; trùng nội dung với assets/v11_overlays_r3/S001_overlay.png,assets/v11_overlays_r3/S001_overlay.png
assets/v11_overlays_r3/S017_02_provenance.png,8117,0.01,2ddd2a231ccc44c9ecbef59b1c310a1f293d200347f766c8f21f19e8921bef31,image,P4 — DUPLICATE,Không upload; trùng nội dung với assets/v11_overlays_r3/S001_overlay.png,assets/v11_overlays_r3/S001_overlay.png
assets/v11_overlays_r3/S017_overlay.png,8117,0.01,2ddd2a231ccc44c9ecbef59b1c310a1f293d200347f766c8f21f19e8921bef31,image,P4 — DUPLICATE,Không upload; trùng nội dung với assets/v11_overlays_r3/S001_overlay.png,assets/v11_overlays_r3/S001_overlay.png
assets/v11_overlays_r3/S018_01_provenance.png,8117,0.01,2ddd2a231ccc44c9ecbef59b1c310a1f293d200347f766c8f21f19e8921bef31,image,P4 — DUPLICATE,Không upload; trùng nội dung với assets/v11_overlays_r3/S001_overlay.png,assets/v11_overlays_r3/S001_overlay.png
assets/v11_overlays_r3/S018_overlay.png,8117,0.01,2ddd2a231ccc44c9ecbef59b1c310a1f293d200347f766c8f21f19e8921bef31,image,P4 — DUPLICATE,Không upload; trùng nội dung với assets/v11_overlays_r3/S001_overlay.png,assets/v11_overlays_r3/S001_overlay.png
assets/v11_overlays_r3/S019_01_provenance.png,8117,0.01,2ddd2a231ccc44c9ecbef59b1c310a1f293d200347f766c8f21f19e8921bef31,image,P4 — DUPLICATE,Không upload; trùng nội dung với assets/v11_overlays_r3/S001_overlay.png,assets/v11_overlays_r3/S001_overlay.png
assets/v11_overlays_r3/S019_overlay.png,8117,0.01,2ddd2a231ccc44c9ecbef59b1c310a1f293d200347f766c8f21f19e8921bef31,image,P4 — DUPLICATE,Không upload; trùng nội dung với assets/v11_overlays_r3/S001_overlay.png,assets/v11_overlays_r3/S001_overlay.png
assets/v11_overlays_r3/S020_01_provenance.png,8117,0.01,2ddd2a231ccc44c9ecbef59b1c310a1f293d200347f766c8f21f19e8921bef31,image,P4 — DUPLICATE,Không upload; trùng nội dung với assets/v11_overlays_r3/S001_overlay.png,assets/v11_overlays_r3/S001_overlay.png
assets/v11_overlays_r3/S020_overlay.png,8117,0.01,2ddd2a231ccc44c9ecbef59b1c310a1f293d200347f766c8f21f19e8921bef31,image,P4 — DUPLICATE,Không upload; trùng nội dung với assets/v11_overlays_r3/S001_overlay.png,assets/v11_overlays_r3/S001_overlay.png
assets/v11_overlays_r3/S021_01_provenance.png,10721,0.01,3dbfd4463ee4483738e8f1d52e73bf968afe3e0a168a9daac8d19dd6f110ec85,image,P4 — DUPLICATE,Không upload; trùng nội dung với assets/v11_overlays_r3/S001_01_provenance.png,assets/v11_overlays_r3/S001_01_provenance.png
assets/v11_overlays_r3/S021_overlay.png,8117,0.01,2ddd2a231ccc44c9ecbef59b1c310a1f293d200347f766c8f21f19e8921bef31,image,P4 — DUPLICATE,Không upload; trùng nội dung với assets/v11_overlays_r3/S001_overlay.png,assets/v11_overlays_r3/S001_overlay.png
assets/v11_overlays_r3/S022_01_provenance.png,8117,0.01,2ddd2a231ccc44c9ecbef59b1c310a1f293d200347f766c8f21f19e8921bef31,image,P4 — DUPLICATE,Không upload; trùng nội dung với assets/v11_overlays_r3/S001_overlay.png,assets/v11_overlays_r3/S001_overlay.png
assets/v11_overlays_r3/S022_overlay.png,8117,0.01,2ddd2a231ccc44c9ecbef59b1c310a1f293d200347f766c8f21f19e8921bef31,image,P4 — DUPLICATE,Không upload; trùng nội dung với assets/v11_overlays_r3/S001_overlay.png,assets/v11_overlays_r3/S001_overlay.png
assets/v11_overlays_r3/S023_01_provenance.png,8117,0.01,2ddd2a231ccc44c9ecbef59b1c310a1f293d200347f766c8f21f19e8921bef31,image,P4 — DUPLICATE,Không upload; trùng nội dung với assets/v11_overlays_r3/S001_overlay.png,assets/v11_overlays_r3/S001_overlay.png
assets/v11_overlays_r3/S023_02_provenance.png,8117,0.01,2ddd2a231ccc44c9ecbef59b1c310a1f293d200347f766c8f21f19e8921bef31,image,P4 — DUPLICATE,Không upload; trùng nội dung với assets/v11_overlays_r3/S001_overlay.png,assets/v11_overlays_r3/S001_overlay.png
assets/v11_overlays_r3/S023_03_provenance.png,10721,0.01,3dbfd4463ee4483738e8f1d52e73bf968afe3e0a168a9daac8d19dd6f110ec85,image,P4 — DUPLICATE,Không upload; trùng nội dung với assets/v11_overlays_r3/S001_01_provenance.png,assets/v11_overlays_r3/S001_01_provenance.png
assets/v11_overlays_r3/S023_04_provenance.png,8117,0.01,2ddd2a231ccc44c9ecbef59b1c310a1f293d200347f766c8f21f19e8921bef31,image,P4 — DUPLICATE,Không upload; trùng nội dung với assets/v11_overlays_r3/S001_overlay.png,assets/v11_overlays_r3/S001_overlay.png
assets/v11_overlays_r3/S023_overlay.png,8117,0.01,2ddd2a231ccc44c9ecbef59b1c310a1f293d200347f766c8f21f19e8921bef31,image,P4 — DUPLICATE,Không upload; trùng nội dung với assets/v11_overlays_r3/S001_overlay.png,assets/v11_overlays_r3/S001_overlay.png
assets/v11_overlays_r3/S024_01_provenance.png,8117,0.01,2ddd2a231ccc44c9ecbef59b1c310a1f293d200347f766c8f21f19e8921bef31,image,P4 — DUPLICATE,Không upload; trùng nội dung với assets/v11_overlays_r3/S001_overlay.png,assets/v11_overlays_r3/S001_overlay.png
assets/v11_overlays_r3/S024_overlay.png,8117,0.01,2ddd2a231ccc44c9ecbef59b1c310a1f293d200347f766c8f21f19e8921bef31,image,P4 — DUPLICATE,Không upload; trùng nội dung với assets/v11_overlays_r3/S001_overlay.png,assets/v11_overlays_r3/S001_overlay.png
assets/v11_overlays_r3/S025_01_provenance.png,8117,0.01,2ddd2a231ccc44c9ecbef59b1c310a1f293d200347f766c8f21f19e8921bef31,image,P4 — DUPLICATE,Không upload; trùng nội dung với assets/v11_overlays_r3/S001_overlay.png,assets/v11_overlays_r3/S001_overlay.png
assets/v11_overlays_r3/S025_overlay.png,8117,0.01,2ddd2a231ccc44c9ecbef59b1c310a1f293d200347f766c8f21f19e8921bef31,image,P4 — DUPLICATE,Không upload; trùng nội dung với assets/v11_overlays_r3/S001_overlay.png,assets/v11_overlays_r3/S001_overlay.png
assets/v11_overlays_r3/S026_01_provenance.png,10721,0.01,3dbfd4463ee4483738e8f1d52e73bf968afe3e0a168a9daac8d19dd6f110ec85,image,P4 — DUPLICATE,Không upload; trùng nội dung với assets/v11_overlays_r3/S001_01_provenance.png,assets/v11_overlays_r3/S001_01_provenance.png
assets/v11_overlays_r3/S026_overlay.png,8117,0.01,2ddd2a231ccc44c9ecbef59b1c310a1f293d200347f766c8f21f19e8921bef31,image,P4 — DUPLICATE,Không upload; trùng nội dung với assets/v11_overlays_r3/S001_overlay.png,assets/v11_overlays_r3/S001_overlay.png
assets/v11_overlays_r3/S027_01_provenance.png,8117,0.01,2ddd2a231ccc44c9ecbef59b1c310a1f293d200347f766c8f21f19e8921bef31,image,P4 — DUPLICATE,Không upload; trùng nội dung với assets/v11_overlays_r3/S001_overlay.png,assets/v11_overlays_r3/S001_overlay.png
assets/v11_overlays_r3/S027_overlay.png,8117,0.01,2ddd2a231ccc44c9ecbef59b1c310a1f293d200347f766c8f21f19e8921bef31,image,P4 — DUPLICATE,Không upload; trùng nội dung với assets/v11_overlays_r3/S001_overlay.png,assets/v11_overlays_r3/S001_overlay.png
assets/v11_overlays_r3/S028_01_provenance.png,10721,0.01,3dbfd4463ee4483738e8f1d52e73bf968afe3e0a168a9daac8d19dd6f110ec85,image,P4 — DUPLICATE,Không upload; trùng nội dung với assets/v11_overlays_r3/S001_01_provenance.png,assets/v11_overlays_r3/S001_01_provenance.png
assets/v11_overlays_r3/S028_overlay.png,8117,0.01,2ddd2a231ccc44c9ecbef59b1c310a1f293d200347f766c8f21f19e8921bef31,image,P4 — DUPLICATE,Không upload; trùng nội dung với assets/v11_overlays_r3/S001_overlay.png,assets/v11_overlays_r3/S001_overlay.png
assets/v11_overlays_r3/S029_01_provenance.png,8117,0.01,2ddd2a231ccc44c9ecbef59b1c310a1f293d200347f766c8f21f19e8921bef31,image,P4 — DUPLICATE,Không upload; trùng nội dung với assets/v11_overlays_r3/S001_overlay.png,assets/v11_overlays_r3/S001_overlay.png
assets/v11_overlays_r3/S029_overlay.png,8117,0.01,2ddd2a231ccc44c9ecbef59b1c310a1f293d200347f766c8f21f19e8921bef31,image,P4 — DUPLICATE,Không upload; trùng nội dung với assets/v11_overlays_r3/S001_overlay.png,assets/v11_overlays_r3/S001_overlay.png
assets/v11_overlays_r3/S030_01_provenance.png,10721,0.01,3dbfd4463ee4483738e8f1d52e73bf968afe3e0a168a9daac8d19dd6f110ec85,image,P4 — DUPLICATE,Không upload; trùng nội dung với assets/v11_overlays_r3/S001_01_provenance.png,assets/v11_overlays_r3/S001_01_provenance.png
assets/v11_overlays_r3/S030_overlay.png,8117,0.01,2ddd2a231ccc44c9ecbef59b1c310a1f293d200347f766c8f21f19e8921bef31,image,P4 — DUPLICATE,Không upload; trùng nội dung với assets/v11_overlays_r3/S001_overlay.png,assets/v11_overlays_r3/S001_overlay.png
assets/v11_overlays_r3/S031_01_provenance.png,10721,0.01,3dbfd4463ee4483738e8f1d52e73bf968afe3e0a168a9daac8d19dd6f110ec85,image,P4 — DUPLICATE,Không upload; trùng nội dung với assets/v11_overlays_r3/S001_01_provenance.png,assets/v11_overlays_r3/S001_01_provenance.png
assets/v11_overlays_r3/S031_overlay.png,8117,0.01,2ddd2a231ccc44c9ecbef59b1c310a1f293d200347f766c8f21f19e8921bef31,image,P4 — DUPLICATE,Không upload; trùng nội dung với assets/v11_overlays_r3/S001_overlay.png,assets/v11_overlays_r3/S001_overlay.png
assets/v11_overlays_r3/S032_01_provenance.png,8117,0.01,2ddd2a231ccc44c9ecbef59b1c310a1f293d200347f766c8f21f19e8921bef31,image,P4 — DUPLICATE,Không upload; trùng nội dung với assets/v11_overlays_r3/S001_overlay.png,assets/v11_overlays_r3/S001_overlay.png
assets/v11_overlays_r3/S032_overlay.png,8117,0.01,2ddd2a231ccc44c9ecbef59b1c310a1f293d200347f766c8f21f19e8921bef31,image,P4 — DUPLICATE,Không upload; trùng nội dung với assets/v11_overlays_r3/S001_overlay.png,assets/v11_overlays_r3/S001_overlay.png
assets/v11_overlays_r3/S033_01_provenance.png,8117,0.01,2ddd2a231ccc44c9ecbef59b1c310a1f293d200347f766c8f21f19e8921bef31,image,P4 — DUPLICATE,Không upload; trùng nội dung với assets/v11_overlays_r3/S001_overlay.png,assets/v11_overlays_r3/S001_overlay.png
assets/v11_overlays_r3/S033_02_provenance.png,10721,0.01,3dbfd4463ee4483738e8f1d52e73bf968afe3e0a168a9daac8d19dd6f110ec85,image,P4 — DUPLICATE,Không upload; trùng nội dung với assets/v11_overlays_r3/S001_01_provenance.png,assets/v11_overlays_r3/S001_01_provenance.png
assets/v11_overlays_r3/S033_03_provenance.png,8117,0.01,2ddd2a231ccc44c9ecbef59b1c310a1f293d200347f766c8f21f19e8921bef31,image,P4 — DUPLICATE,Không upload; trùng nội dung với assets/v11_overlays_r3/S001_overlay.png,assets/v11_overlays_r3/S001_overlay.png
assets/v11_overlays_r3/S033_overlay.png,8117,0.01,2ddd2a231ccc44c9ecbef59b1c310a1f293d200347f766c8f21f19e8921bef31,image,P4 — DUPLICATE,Không upload; trùng nội dung với assets/v11_overlays_r3/S001_overlay.png,assets/v11_overlays_r3/S001_overlay.png
assets/v11_overlays_r3/S034_01_provenance.png,8117,0.01,2ddd2a231ccc44c9ecbef59b1c310a1f293d200347f766c8f21f19e8921bef31,image,P4 — DUPLICATE,Không upload; trùng nội dung với assets/v11_overlays_r3/S001_overlay.png,assets/v11_overlays_r3/S001_overlay.png
assets/v11_overlays_r3/S034_overlay.png,8117,0.01,2ddd2a231ccc44c9ecbef59b1c310a1f293d200347f766c8f21f19e8921bef31,image,P4 — DUPLICATE,Không upload; trùng nội dung với assets/v11_overlays_r3/S001_overlay.png,assets/v11_overlays_r3/S001_overlay.png
assets/v11_overlays_r3/S035_01_provenance.png,8117,0.01,2ddd2a231ccc44c9ecbef59b1c310a1f293d200347f766c8f21f19e8921bef31,image,P4 — DUPLICATE,Không upload; trùng nội dung với assets/v11_overlays_r3/S001_overlay.png,assets/v11_overlays_r3/S001_overlay.png
assets/v11_overlays_r3/S035_02_provenance.png,10721,0.01,3dbfd4463ee4483738e8f1d52e73bf968afe3e0a168a9daac8d19dd6f110ec85,image,P4 — DUPLICATE,Không upload; trùng nội dung với assets/v11_overlays_r3/S001_01_provenance.png,assets/v11_overlays_r3/S001_01_provenance.png
assets/v11_overlays_r3/S035_03_provenance.png,10721,0.01,3dbfd4463ee4483738e8f1d52e73bf968afe3e0a168a9daac8d19dd6f110ec85,image,P4 — DUPLICATE,Không upload; trùng nội dung với assets/v11_overlays_r3/S001_01_provenance.png,assets/v11_overlays_r3/S001_01_provenance.png
assets/v11_overlays_r3/S035_overlay.png,8117,0.01,2ddd2a231ccc44c9ecbef59b1c310a1f293d200347f766c8f21f19e8921bef31,image,P4 — DUPLICATE,Không upload; trùng nội dung với assets/v11_overlays_r3/S001_overlay.png,assets/v11_overlays_r3/S001_overlay.png
assets/v11_overlays_r3/S036_01_provenance.png,8117,0.01,2ddd2a231ccc44c9ecbef59b1c310a1f293d200347f766c8f21f19e8921bef31,image,P4 — DUPLICATE,Không upload; trùng nội dung với assets/v11_overlays_r3/S001_overlay.png,assets/v11_overlays_r3/S001_overlay.png
assets/v11_overlays_r3/S036_overlay.png,8117,0.01,2ddd2a231ccc44c9ecbef59b1c310a1f293d200347f766c8f21f19e8921bef31,image,P4 — DUPLICATE,Không upload; trùng nội dung với assets/v11_overlays_r3/S001_overlay.png,assets/v11_overlays_r3/S001_overlay.png
assets/v11_overlays_r3/S037_01_provenance.png,10721,0.01,3dbfd4463ee4483738e8f1d52e73bf968afe3e0a168a9daac8d19dd6f110ec85,image,P4 — DUPLICATE,Không upload; trùng nội dung với assets/v11_overlays_r3/S001_01_provenance.png,assets/v11_overlays_r3/S001_01_provenance.png
assets/v11_overlays_r3/S037_02_provenance.png,8117,0.01,2ddd2a231ccc44c9ecbef59b1c310a1f293d200347f766c8f21f19e8921bef31,image,P4 — DUPLICATE,Không upload; trùng nội dung với assets/v11_overlays_r3/S001_overlay.png,assets/v11_overlays_r3/S001_overlay.png
assets/v11_overlays_r3/S037_03_provenance.png,10721,0.01,3dbfd4463ee4483738e8f1d52e73bf968afe3e0a168a9daac8d19dd6f110ec85,image,P4 — DUPLICATE,Không upload; trùng nội dung với assets/v11_overlays_r3/S001_01_provenance.png,assets/v11_overlays_r3/S001_01_provenance.png
assets/v11_overlays_r3/S037_04_provenance.png,8117,0.01,2ddd2a231ccc44c9ecbef59b1c310a1f293d200347f766c8f21f19e8921bef31,image,P4 — DUPLICATE,Không upload; trùng nội dung với assets/v11_overlays_r3/S001_overlay.png,assets/v11_overlays_r3/S001_overlay.png
assets/v11_overlays_r3/S037_overlay.png,8117,0.01,2ddd2a231ccc44c9ecbef59b1c310a1f293d200347f766c8f21f19e8921bef31,image,P4 — DUPLICATE,Không upload; trùng nội dung với assets/v11_overlays_r3/S001_overlay.png,assets/v11_overlays_r3/S001_overlay.png
assets/v11_overlays_r3/S038_01_provenance.png,8117,0.01,2ddd2a231ccc44c9ecbef59b1c310a1f293d200347f766c8f21f19e8921bef31,image,P4 — DUPLICATE,Không upload; trùng nội dung với assets/v11_overlays_r3/S001_overlay.png,assets/v11_overlays_r3/S001_overlay.png
assets/v11_overlays_r3/S038_02_provenance.png,8117,0.01,2ddd2a231ccc44c9ecbef59b1c310a1f293d200347f766c8f21f19e8921bef31,image,P4 — DUPLICATE,Không upload; trùng nội dung với assets/v11_overlays_r3/S001_overlay.png,assets/v11_overlays_r3/S001_overlay.png
assets/v11_overlays_r3/S038_03_provenance.png,8117,0.01,2ddd2a231ccc44c9ecbef59b1c310a1f293d200347f766c8f21f19e8921bef31,image,P4 — DUPLICATE,Không upload; trùng nội dung với assets/v11_overlays_r3/S001_overlay.png,assets/v11_overlays_r3/S001_overlay.png
assets/v11_overlays_r3/S038_04_provenance.png,8117,0.01,2ddd2a231ccc44c9ecbef59b1c310a1f293d200347f766c8f21f19e8921bef31,image,P4 — DUPLICATE,Không upload; trùng nội dung với assets/v11_overlays_r3/S001_overlay.png,assets/v11_overlays_r3/S001_overlay.png
assets/v11_overlays_r3/S038_overlay.png,8117,0.01,2ddd2a231ccc44c9ecbef59b1c310a1f293d200347f766c8f21f19e8921bef31,image,P4 — DUPLICATE,Không upload; trùng nội dung với assets/v11_overlays_r3/S001_overlay.png,assets/v11_overlays_r3/S001_overlay.png
assets/v11_overlays_r3/S039_01_provenance.png,8117,0.01,2ddd2a231ccc44c9ecbef59b1c310a1f293d200347f766c8f21f19e8921bef31,image,P4 — DUPLICATE,Không upload; trùng nội dung với assets/v11_overlays_r3/S001_overlay.png,assets/v11_overlays_r3/S001_overlay.png
assets/v11_overlays_r3/S040_01_provenance.png,10721,0.01,3dbfd4463ee4483738e8f1d52e73bf968afe3e0a168a9daac8d19dd6f110ec85,image,P4 — DUPLICATE,Không upload; trùng nội dung với assets/v11_overlays_r3/S001_01_provenance.png,assets/v11_overlays_r3/S001_01_provenance.png
assets/v11_overlays_r3/S040_overlay.png,8117,0.01,2ddd2a231ccc44c9ecbef59b1c310a1f293d200347f766c8f21f19e8921bef31,image,P4 — DUPLICATE,Không upload; trùng nội dung với assets/v11_overlays_r3/S001_overlay.png,assets/v11_overlays_r3/S001_overlay.png
assets/v11_overlays_r3/S041_01_provenance.png,8117,0.01,2ddd2a231ccc44c9ecbef59b1c310a1f293d200347f766c8f21f19e8921bef31,image,P4 — DUPLICATE,Không upload; trùng nội dung với assets/v11_overlays_r3/S001_overlay.png,assets/v11_overlays_r3/S001_overlay.png
assets/v11_overlays_r3/S041_02_provenance.png,10721,0.01,3dbfd4463ee4483738e8f1d52e73bf968afe3e0a168a9daac8d19dd6f110ec85,image,P4 — DUPLICATE,Không upload; trùng nội dung với assets/v11_overlays_r3/S001_01_provenance.png,assets/v11_overlays_r3/S001_01_provenance.png
assets/v11_overlays_r3/S041_03_provenance.png,10721,0.01,3dbfd4463ee4483738e8f1d52e73bf968afe3e0a168a9daac8d19dd6f110ec85,image,P4 — DUPLICATE,Không upload; trùng nội dung với assets/v11_overlays_r3/S001_01_provenance.png,assets/v11_overlays_r3/S001_01_provenance.png
assets/v11_overlays_r3/S041_overlay.png,8117,0.01,2ddd2a231ccc44c9ecbef59b1c310a1f293d200347f766c8f21f19e8921bef31,image,P4 — DUPLICATE,Không upload; trùng nội dung với assets/v11_overlays_r3/S001_overlay.png,assets/v11_overlays_r3/S001_overlay.png
assets/v11_overlays_r3/S042_01_provenance.png,8117,0.01,2ddd2a231ccc44c9ecbef59b1c310a1f293d200347f766c8f21f19e8921bef31,image,P4 — DUPLICATE,Không upload; trùng nội dung với assets/v11_overlays_r3/S001_overlay.png,assets/v11_overlays_r3/S001_overlay.png
assets/v11_overlays_r3/S042_overlay.png,8117,0.01,2ddd2a231ccc44c9ecbef59b1c310a1f293d200347f766c8f21f19e8921bef31,image,P4 — DUPLICATE,Không upload; trùng nội dung với assets/v11_overlays_r3/S001_overlay.png,assets/v11_overlays_r3/S001_overlay.png
assets/v11_overlays_r3/S043_01_provenance.png,10721,0.01,3dbfd4463ee4483738e8f1d52e73bf968afe3e0a168a9daac8d19dd6f110ec85,image,P4 — DUPLICATE,Không upload; trùng nội dung với assets/v11_overlays_r3/S001_01_provenance.png,assets/v11_overlays_r3/S001_01_provenance.png
assets/v11_overlays_r3/S043_overlay.png,8117,0.01,2ddd2a231ccc44c9ecbef59b1c310a1f293d200347f766c8f21f19e8921bef31,image,P4 — DUPLICATE,Không upload; trùng nội dung với assets/v11_overlays_r3/S001_overlay.png,assets/v11_overlays_r3/S001_overlay.png
assets/v11_overlays_r3/S044_01_provenance.png,10721,0.01,3dbfd4463ee4483738e8f1d52e73bf968afe3e0a168a9daac8d19dd6f110ec85,image,P4 — DUPLICATE,Không upload; trùng nội dung với assets/v11_overlays_r3/S001_01_provenance.png,assets/v11_overlays_r3/S001_01_provenance.png
assets/v11_overlays_r3/S044_overlay.png,8117,0.01,2ddd2a231ccc44c9ecbef59b1c310a1f293d200347f766c8f21f19e8921bef31,image,P4 — DUPLICATE,Không upload; trùng nội dung với assets/v11_overlays_r3/S001_overlay.png,assets/v11_overlays_r3/S001_overlay.png
assets/v11_overlays_r3/S045_01_provenance.png,10721,0.01,3dbfd4463ee4483738e8f1d52e73bf968afe3e0a168a9daac8d19dd6f110ec85,image,P4 — DUPLICATE,Không upload; trùng nội dung với assets/v11_overlays_r3/S001_01_provenance.png,assets/v11_overlays_r3/S001_01_provenance.png
assets/v11_overlays_r3/S045_02_provenance.png,10721,0.01,3dbfd4463ee4483738e8f1d52e73bf968afe3e0a168a9daac8d19dd6f110ec85,image,P4 — DUPLICATE,Không upload; trùng nội dung với assets/v11_overlays_r3/S001_01_provenance.png,assets/v11_overlays_r3/S001_01_provenance.png
assets/v11_overlays_r3/S045_overlay.png,8117,0.01,2ddd2a231ccc44c9ecbef59b1c310a1f293d200347f766c8f21f19e8921bef31,image,P4 — DUPLICATE,Không upload; trùng nội dung với assets/v11_overlays_r3/S001_overlay.png,assets/v11_overlays_r3/S001_overlay.png
assets/v11_overlays_r3/S046_01_provenance.png,10721,0.01,3dbfd4463ee4483738e8f1d52e73bf968afe3e0a168a9daac8d19dd6f110ec85,image,P4 — DUPLICATE,Không upload; trùng nội dung với assets/v11_overlays_r3/S001_01_provenance.png,assets/v11_overlays_r3/S001_01_provenance.png
assets/v11_overlays_r3/S046_overlay.png,8117,0.01,2ddd2a231ccc44c9ecbef59b1c310a1f293d200347f766c8f21f19e8921bef31,image,P4 — DUPLICATE,Không upload; trùng nội dung với assets/v11_overlays_r3/S001_overlay.png,assets/v11_overlays_r3/S001_overlay.png
assets/v11_overlays_r3/S047_01_provenance.png,10721,0.01,3dbfd4463ee4483738e8f1d52e73bf968afe3e0a168a9daac8d19dd6f110ec85,image,P4 — DUPLICATE,Không upload; trùng nội dung với assets/v11_overlays_r3/S001_01_provenance.png,assets/v11_overlays_r3/S001_01_provenance.png
assets/v11_overlays_r3/S047_overlay.png,8117,0.01,2ddd2a231ccc44c9ecbef59b1c310a1f293d200347f766c8f21f19e8921bef31,image,P4 — DUPLICATE,Không upload; trùng nội dung với assets/v11_overlays_r3/S001_overlay.png,assets/v11_overlays_r3/S001_overlay.png
assets/v11_overlays_r3/S048_01_provenance.png,8117,0.01,2ddd2a231ccc44c9ecbef59b1c310a1f293d200347f766c8f21f19e8921bef31,image,P4 — DUPLICATE,Không upload; trùng nội dung với assets/v11_overlays_r3/S001_overlay.png,assets/v11_overlays_r3/S001_overlay.png
assets/v11_overlays_r3/S048_overlay.png,8117,0.01,2ddd2a231ccc44c9ecbef59b1c310a1f293d200347f766c8f21f19e8921bef31,image,P4 — DUPLICATE,Không upload; trùng nội dung với assets/v11_overlays_r3/S001_overlay.png,assets/v11_overlays_r3/S001_overlay.png
assets/v11_overlays_r3/S049_01_provenance.png,8117,0.01,2ddd2a231ccc44c9ecbef59b1c310a1f293d200347f766c8f21f19e8921bef31,image,P4 — DUPLICATE,Không upload; trùng nội dung với assets/v11_overlays_r3/S001_overlay.png,assets/v11_overlays_r3/S001_overlay.png
assets/v11_overlays_r3/S049_overlay.png,8117,0.01,2ddd2a231ccc44c9ecbef59b1c310a1f293d200347f766c8f21f19e8921bef31,image,P4 — DUPLICATE,Không upload; trùng nội dung với assets/v11_overlays_r3/S001_overlay.png,assets/v11_overlays_r3/S001_overlay.png
assets/v11_overlays_r3/S050_01_provenance.png,10721,0.01,3dbfd4463ee4483738e8f1d52e73bf968afe3e0a168a9daac8d19dd6f110ec85,image,P4 — DUPLICATE,Không upload; trùng nội dung với assets/v11_overlays_r3/S001_01_provenance.png,assets/v11_overlays_r3/S001_01_provenance.png
assets/v11_overlays_r3/S050_overlay.png,8117,0.01,2ddd2a231ccc44c9ecbef59b1c310a1f293d200347f766c8f21f19e8921bef31,image,P4 — DUPLICATE,Không upload; trùng nội dung với assets/v11_overlays_r3/S001_overlay.png,assets/v11_overlays_r3/S001_overlay.png
assets/v11_overlays_r3/S051_01_provenance.png,8117,0.01,2ddd2a231ccc44c9ecbef59b1c310a1f293d200347f766c8f21f19e8921bef31,image,P4 — DUPLICATE,Không upload; trùng nội dung với assets/v11_overlays_r3/S001_overlay.png,assets/v11_overlays_r3/S001_overlay.png
assets/v11_overlays_r3/S051_02_provenance.png,8117,0.01,2ddd2a231ccc44c9ecbef59b1c310a1f293d200347f766c8f21f19e8921bef31,image,P4 — DUPLICATE,Không upload; trùng nội dung với assets/v11_overlays_r3/S001_overlay.png,assets/v11_overlays_r3/S001_overlay.png
assets/v11_overlays_r3/S051_overlay.png,8117,0.01,2ddd2a231ccc44c9ecbef59b1c310a1f293d200347f766c8f21f19e8921bef31,image,P4 — DUPLICATE,Không upload; trùng nội dung với assets/v11_overlays_r3/S001_overlay.png,assets/v11_overlays_r3/S001_overlay.png
assets/v11_overlays_r3/S052_01_provenance.png,10721,0.01,3dbfd4463ee4483738e8f1d52e73bf968afe3e0a168a9daac8d19dd6f110ec85,image,P4 — DUPLICATE,Không upload; trùng nội dung với assets/v11_overlays_r3/S001_01_provenance.png,assets/v11_overlays_r3/S001_01_provenance.png
assets/v11_overlays_r3/S052_02_provenance.png,10721,0.01,3dbfd4463ee4483738e8f1d52e73bf968afe3e0a168a9daac8d19dd6f110ec85,image,P4 — DUPLICATE,Không upload; trùng nội dung với assets/v11_overlays_r3/S001_01_provenance.png,assets/v11_overlays_r3/S001_01_provenance.png
assets/v11_overlays_r3/S052_03_provenance.png,8117,0.01,2ddd2a231ccc44c9ecbef59b1c310a1f293d200347f766c8f21f19e8921bef31,image,P4 — DUPLICATE,Không upload; trùng nội dung với assets/v11_overlays_r3/S001_overlay.png,assets/v11_overlays_r3/S001_overlay.png
assets/v11_overlays_r3/S052_04_provenance.png,8117,0.01,2ddd2a231ccc44c9ecbef59b1c310a1f293d200347f766c8f21f19e8921bef31,image,P4 — DUPLICATE,Không upload; trùng nội dung với assets/v11_overlays_r3/S001_overlay.png,assets/v11_overlays_r3/S001_overlay.png
assets/v11_overlays_r3/S052_05_provenance.png,8117,0.01,2ddd2a231ccc44c9ecbef59b1c310a1f293d200347f766c8f21f19e8921bef31,image,P4 — DUPLICATE,Không upload; trùng nội dung với assets/v11_overlays_r3/S001_overlay.png,assets/v11_overlays_r3/S001_overlay.png
assets/v11_overlays_r3/S052_overlay.png,8117,0.01,2ddd2a231ccc44c9ecbef59b1c310a1f293d200347f766c8f21f19e8921bef31,image,P4 — DUPLICATE,Không upload; trùng nội dung với assets/v11_overlays_r3/S001_overlay.png,assets/v11_overlays_r3/S001_overlay.png
assets/v11_overlays_r3/S053_01_provenance.png,8117,0.01,2ddd2a231ccc44c9ecbef59b1c310a1f293d200347f766c8f21f19e8921bef31,image,P4 — DUPLICATE,Không upload; trùng nội dung với assets/v11_overlays_r3/S001_overlay.png,assets/v11_overlays_r3/S001_overlay.png
assets/v11_overlays_r3/S054_01_provenance.png,8117,0.01,2ddd2a231ccc44c9ecbef59b1c310a1f293d200347f766c8f21f19e8921bef31,image,P4 — DUPLICATE,Không upload; trùng nội dung với assets/v11_overlays_r3/S001_overlay.png,assets/v11_overlays_r3/S001_overlay.png
assets/v11_overlays_r3/S054_02_provenance.png,8117,0.01,2ddd2a231ccc44c9ecbef59b1c310a1f293d200347f766c8f21f19e8921bef31,image,P4 — DUPLICATE,Không upload; trùng nội dung với assets/v11_overlays_r3/S001_overlay.png,assets/v11_overlays_r3/S001_overlay.png
assets/v11_overlays_r3/S054_overlay.png,8117,0.01,2ddd2a231ccc44c9ecbef59b1c310a1f293d200347f766c8f21f19e8921bef31,image,P4 — DUPLICATE,Không upload; trùng nội dung với assets/v11_overlays_r3/S001_overlay.png,assets/v11_overlays_r3/S001_overlay.png
assets/v11_overlays_r3/S055_01_provenance.png,8117,0.01,2ddd2a231ccc44c9ecbef59b1c310a1f293d200347f766c8f21f19e8921bef31,image,P4 — DUPLICATE,Không upload; trùng nội dung với assets/v11_overlays_r3/S001_overlay.png,assets/v11_overlays_r3/S001_overlay.png
assets/v11_overlays_r3/S055_02_provenance.png,8117,0.01,2ddd2a231ccc44c9ecbef59b1c310a1f293d200347f766c8f21f19e8921bef31,image,P4 — DUPLICATE,Không upload; trùng nội dung với assets/v11_overlays_r3/S001_overlay.png,assets/v11_overlays_r3/S001_overlay.png
assets/v11_overlays_r3/S055_overlay.png,8117,0.01,2ddd2a231ccc44c9ecbef59b1c310a1f293d200347f766c8f21f19e8921bef31,image,P4 — DUPLICATE,Không upload; trùng nội dung với assets/v11_overlays_r3/S001_overlay.png,assets/v11_overlays_r3/S001_overlay.png
assets/v11_overlays_r3/S056_01_provenance.png,8117,0.01,2ddd2a231ccc44c9ecbef59b1c310a1f293d200347f766c8f21f19e8921bef31,image,P4 — DUPLICATE,Không upload; trùng nội dung với assets/v11_overlays_r3/S001_overlay.png,assets/v11_overlays_r3/S001_overlay.png
assets/v11_overlays_r3/S056_overlay.png,8117,0.01,2ddd2a231ccc44c9ecbef59b1c310a1f293d200347f766c8f21f19e8921bef31,image,P4 — DUPLICATE,Không upload; trùng nội dung với assets/v11_overlays_r3/S001_overlay.png,assets/v11_overlays_r3/S001_overlay.png
assets/v11_overlays_r3/S057_01_provenance.png,10721,0.01,3dbfd4463ee4483738e8f1d52e73bf968afe3e0a168a9daac8d19dd6f110ec85,image,P4 — DUPLICATE,Không upload; trùng nội dung với assets/v11_overlays_r3/S001_01_provenance.png,assets/v11_overlays_r3/S001_01_provenance.png
assets/v11_overlays_r3/S057_02_provenance.png,10721,0.01,3dbfd4463ee4483738e8f1d52e73bf968afe3e0a168a9daac8d19dd6f110ec85,image,P4 — DUPLICATE,Không upload; trùng nội dung với assets/v11_overlays_r3/S001_01_provenance.png,assets/v11_overlays_r3/S001_01_provenance.png
assets/v11_overlays_r3/S057_03_provenance.png,8117,0.01,2ddd2a231ccc44c9ecbef59b1c310a1f293d200347f766c8f21f19e8921bef31,image,P4 — DUPLICATE,Không upload; trùng nội dung với assets/v11_overlays_r3/S001_overlay.png,assets/v11_overlays_r3/S001_overlay.png
assets/v11_overlays_r3/S057_overlay.png,8117,0.01,2ddd2a231ccc44c9ecbef59b1c310a1f293d200347f766c8f21f19e8921bef31,image,P4 — DUPLICATE,Không upload; trùng nội dung với assets/v11_overlays_r3/S001_overlay.png,assets/v11_overlays_r3/S001_overlay.png
assets/v11_overlays_r3/S058_01_provenance.png,8117,0.01,2ddd2a231ccc44c9ecbef59b1c310a1f293d200347f766c8f21f19e8921bef31,image,P4 — DUPLICATE,Không upload; trùng nội dung với assets/v11_overlays_r3/S001_overlay.png,assets/v11_overlays_r3/S001_overlay.png
assets/v11_overlays_r3/S058_02_provenance.png,10721,0.01,3dbfd4463ee4483738e8f1d52e73bf968afe3e0a168a9daac8d19dd6f110ec85,image,P4 — DUPLICATE,Không upload; trùng nội dung với assets/v11_overlays_r3/S001_01_provenance.png,assets/v11_overlays_r3/S001_01_provenance.png
assets/v11_overlays_r3/S058_overlay.png,8117,0.01,2ddd2a231ccc44c9ecbef59b1c310a1f293d200347f766c8f21f19e8921bef31,image,P4 — DUPLICATE,Không upload; trùng nội dung với assets/v11_overlays_r3/S001_overlay.png,assets/v11_overlays_r3/S001_overlay.png
assets/v11_overlays_r3/S059_01_provenance.png,8117,0.01,2ddd2a231ccc44c9ecbef59b1c310a1f293d200347f766c8f21f19e8921bef31,image,P4 — DUPLICATE,Không upload; trùng nội dung với assets/v11_overlays_r3/S001_overlay.png,assets/v11_overlays_r3/S001_overlay.png
assets/v11_overlays_r3/S059_02_provenance.png,8117,0.01,2ddd2a231ccc44c9ecbef59b1c310a1f293d200347f766c8f21f19e8921bef31,image,P4 — DUPLICATE,Không upload; trùng nội dung với assets/v11_overlays_r3/S001_overlay.png,assets/v11_overlays_r3/S001_overlay.png
assets/v11_overlays_r3/S059_overlay.png,8117,0.01,2ddd2a231ccc44c9ecbef59b1c310a1f293d200347f766c8f21f19e8921bef31,image,P4 — DUPLICATE,Không upload; trùng nội dung với assets/v11_overlays_r3/S001_overlay.png,assets/v11_overlays_r3/S001_overlay.png
assets/v11_overlays_r3/S060_01_provenance.png,10721,0.01,3dbfd4463ee4483738e8f1d52e73bf968afe3e0a168a9daac8d19dd6f110ec85,image,P4 — DUPLICATE,Không upload; trùng nội dung với assets/v11_overlays_r3/S001_01_provenance.png,assets/v11_overlays_r3/S001_01_provenance.png
assets/v11_overlays_r3/S060_02_provenance.png,8117,0.01,2ddd2a231ccc44c9ecbef59b1c310a1f293d200347f766c8f21f19e8921bef31,image,P4 — DUPLICATE,Không upload; trùng nội dung với assets/v11_overlays_r3/S001_overlay.png,assets/v11_overlays_r3/S001_overlay.png
assets/v11_overlays_r3/S060_overlay.png,8117,0.01,2ddd2a231ccc44c9ecbef59b1c310a1f293d200347f766c8f21f19e8921bef31,image,P4 — DUPLICATE,Không upload; trùng nội dung với assets/v11_overlays_r3/S001_overlay.png,assets/v11_overlays_r3/S001_overlay.png
assets/v11_overlays_r3/S061_01_provenance.png,8117,0.01,2ddd2a231ccc44c9ecbef59b1c310a1f293d200347f766c8f21f19e8921bef31,image,P4 — DUPLICATE,Không upload; trùng nội dung với assets/v11_overlays_r3/S001_overlay.png,assets/v11_overlays_r3/S001_overlay.png
assets/v11_overlays_r3/S061_overlay.png,8117,0.01,2ddd2a231ccc44c9ecbef59b1c310a1f293d200347f766c8f21f19e8921bef31,image,P4 — DUPLICATE,Không upload; trùng nội dung với assets/v11_overlays_r3/S001_overlay.png,assets/v11_overlays_r3/S001_overlay.png
assets/v11_overlays_r3/S062_01_provenance.png,8117,0.01,2ddd2a231ccc44c9ecbef59b1c310a1f293d200347f766c8f21f19e8921bef31,image,P4 — DUPLICATE,Không upload; trùng nội dung với assets/v11_overlays_r3/S001_overlay.png,assets/v11_overlays_r3/S001_overlay.png
assets/v11_overlays_r3/S062_overlay.png,8117,0.01,2ddd2a231ccc44c9ecbef59b1c310a1f293d200347f766c8f21f19e8921bef31,image,P4 — DUPLICATE,Không upload; trùng nội dung với assets/v11_overlays_r3/S001_overlay.png,assets/v11_overlays_r3/S001_overlay.png
assets/v11_overlays_r3/S063_01_provenance.png,8117,0.01,2ddd2a231ccc44c9ecbef59b1c310a1f293d200347f766c8f21f19e8921bef31,image,P4 — DUPLICATE,Không upload; trùng nội dung với assets/v11_overlays_r3/S001_overlay.png,assets/v11_overlays_r3/S001_overlay.png
assets/v11_overlays_r3/S063_02_provenance.png,10721,0.01,3dbfd4463ee4483738e8f1d52e73bf968afe3e0a168a9daac8d19dd6f110ec85,image,P4 — DUPLICATE,Không upload; trùng nội dung với assets/v11_overlays_r3/S001_01_provenance.png,assets/v11_overlays_r3/S001_01_provenance.png
assets/v11_overlays_r3/S063_03_provenance.png,10721,0.01,3dbfd4463ee4483738e8f1d52e73bf968afe3e0a168a9daac8d19dd6f110ec85,image,P4 — DUPLICATE,Không upload; trùng nội dung với assets/v11_overlays_r3/S001_01_provenance.png,assets/v11_overlays_r3/S001_01_provenance.png
assets/v11_overlays_r3/S063_overlay.png,8117,0.01,2ddd2a231ccc44c9ecbef59b1c310a1f293d200347f766c8f21f19e8921bef31,image,P4 — DUPLICATE,Không upload; trùng nội dung với assets/v11_overlays_r3/S001_overlay.png,assets/v11_overlays_r3/S001_overlay.png
assets/v11_overlays_r3/S064_01_provenance.png,8117,0.01,2ddd2a231ccc44c9ecbef59b1c310a1f293d200347f766c8f21f19e8921bef31,image,P4 — DUPLICATE,Không upload; trùng nội dung với assets/v11_overlays_r3/S001_overlay.png,assets/v11_overlays_r3/S001_overlay.png
assets/v11_overlays_r3/S065_01_provenance.png,10721,0.01,3dbfd4463ee4483738e8f1d52e73bf968afe3e0a168a9daac8d19dd6f110ec85,image,P4 — DUPLICATE,Không upload; trùng nội dung với assets/v11_overlays_r3/S001_01_provenance.png,assets/v11_overlays_r3/S001_01_provenance.png
assets/v11_overlays_r3/S065_02_provenance.png,8117,0.01,2ddd2a231ccc44c9ecbef59b1c310a1f293d200347f766c8f21f19e8921bef31,image,P4 — DUPLICATE,Không upload; trùng nội dung với assets/v11_overlays_r3/S001_overlay.png,assets/v11_overlays_r3/S001_overlay.png
assets/v11_overlays_r3/S065_overlay.png,8117,0.01,2ddd2a231ccc44c9ecbef59b1c310a1f293d200347f766c8f21f19e8921bef31,image,P4 — DUPLICATE,Không upload; trùng nội dung với assets/v11_overlays_r3/S001_overlay.png,assets/v11_overlays_r3/S001_overlay.png
assets/v11_overlays_r3/S066_01_provenance.png,8117,0.01,2ddd2a231ccc44c9ecbef59b1c310a1f293d200347f766c8f21f19e8921bef31,image,P4 — DUPLICATE,Không upload; trùng nội dung với assets/v11_overlays_r3/S001_overlay.png,assets/v11_overlays_r3/S001_overlay.png
assets/v11_overlays_r3/S066_overlay.png,8117,0.01,2ddd2a231ccc44c9ecbef59b1c310a1f293d200347f766c8f21f19e8921bef31,image,P4 — DUPLICATE,Không upload; trùng nội dung với assets/v11_overlays_r3/S001_overlay.png,assets/v11_overlays_r3/S001_overlay.png
assets/v11_overlays_r3/S067_01_provenance.png,8117,0.01,2ddd2a231ccc44c9ecbef59b1c310a1f293d200347f766c8f21f19e8921bef31,image,P4 — DUPLICATE,Không upload; trùng nội dung với assets/v11_overlays_r3/S001_overlay.png,assets/v11_overlays_r3/S001_overlay.png
assets/v11_overlays_r3/S067_02_provenance.png,8117,0.01,2ddd2a231ccc44c9ecbef59b1c310a1f293d200347f766c8f21f19e8921bef31,image,P4 — DUPLICATE,Không upload; trùng nội dung với assets/v11_overlays_r3/S001_overlay.png,assets/v11_overlays_r3/S001_overlay.png
assets/v11_overlays_r3/S067_overlay.png,8117,0.01,2ddd2a231ccc44c9ecbef59b1c310a1f293d200347f766c8f21f19e8921bef31,image,P4 — DUPLICATE,Không upload; trùng nội dung với assets/v11_overlays_r3/S001_overlay.png,assets/v11_overlays_r3/S001_overlay.png
assets/v11_overlays_r3/S068_01_provenance.png,8117,0.01,2ddd2a231ccc44c9ecbef59b1c310a1f293d200347f766c8f21f19e8921bef31,image,P4 — DUPLICATE,Không upload; trùng nội dung với assets/v11_overlays_r3/S001_overlay.png,assets/v11_overlays_r3/S001_overlay.png
assets/v11_overlays_r3/S068_overlay.png,8117,0.01,2ddd2a231ccc44c9ecbef59b1c310a1f293d200347f766c8f21f19e8921bef31,image,P4 — DUPLICATE,Không upload; trùng nội dung với assets/v11_overlays_r3/S001_overlay.png,assets/v11_overlays_r3/S001_overlay.png
assets/v11_overlays_r3/S069_01_provenance.png,8117,0.01,2ddd2a231ccc44c9ecbef59b1c310a1f293d200347f766c8f21f19e8921bef31,image,P4 — DUPLICATE,Không upload; trùng nội dung với assets/v11_overlays_r3/S001_overlay.png,assets/v11_overlays_r3/S001_overlay.png
assets/v11_overlays_r3/S069_overlay.png,8117,0.01,2ddd2a231ccc44c9ecbef59b1c310a1f293d200347f766c8f21f19e8921bef31,image,P4 — DUPLICATE,Không upload; trùng nội dung với assets/v11_overlays_r3/S001_overlay.png,assets/v11_overlays_r3/S001_overlay.png
assets/v11_overlays_r3/S070_01_provenance.png,8117,0.01,2ddd2a231ccc44c9ecbef59b1c310a1f293d200347f766c8f21f19e8921bef31,image,P4 — DUPLICATE,Không upload; trùng nội dung với assets/v11_overlays_r3/S001_overlay.png,assets/v11_overlays_r3/S001_overlay.png
assets/v11_overlays_r3/S070_overlay.png,8117,0.01,2ddd2a231ccc44c9ecbef59b1c310a1f293d200347f766c8f21f19e8921bef31,image,P4 — DUPLICATE,Không upload; trùng nội dung với assets/v11_overlays_r3/S001_overlay.png,assets/v11_overlays_r3/S001_overlay.png
assets/v11_overlays_r3/S071_01_provenance.png,10721,0.01,3dbfd4463ee4483738e8f1d52e73bf968afe3e0a168a9daac8d19dd6f110ec85,image,P4 — DUPLICATE,Không upload; trùng nội dung với assets/v11_overlays_r3/S001_01_provenance.png,assets/v11_overlays_r3/S001_01_provenance.png
assets/v11_overlays_r3/S071_02_provenance.png,8117,0.01,2ddd2a231ccc44c9ecbef59b1c310a1f293d200347f766c8f21f19e8921bef31,image,P4 — DUPLICATE,Không upload; trùng nội dung với assets/v11_overlays_r3/S001_overlay.png,assets/v11_overlays_r3/S001_overlay.png
assets/v11_overlays_r3/S071_overlay.png,8117,0.01,2ddd2a231ccc44c9ecbef59b1c310a1f293d200347f766c8f21f19e8921bef31,image,P4 — DUPLICATE,Không upload; trùng nội dung với assets/v11_overlays_r3/S001_overlay.png,assets/v11_overlays_r3/S001_overlay.png
assets/v11_overlays_r3/S072_01_provenance.png,8117,0.01,2ddd2a231ccc44c9ecbef59b1c310a1f293d200347f766c8f21f19e8921bef31,image,P4 — DUPLICATE,Không upload; trùng nội dung với assets/v11_overlays_r3/S001_overlay.png,assets/v11_overlays_r3/S001_overlay.png
assets/v11_overlays_r3/S072_02_provenance.png,8117,0.01,2ddd2a231ccc44c9ecbef59b1c310a1f293d200347f766c8f21f19e8921bef31,image,P4 — DUPLICATE,Không upload; trùng nội dung với assets/v11_overlays_r3/S001_overlay.png,assets/v11_overlays_r3/S001_overlay.png
assets/v11_overlays_r3/S072_overlay.png,8117,0.01,2ddd2a231ccc44c9ecbef59b1c310a1f293d200347f766c8f21f19e8921bef31,image,P4 — DUPLICATE,Không upload; trùng nội dung với assets/v11_overlays_r3/S001_overlay.png,assets/v11_overlays_r3/S001_overlay.png
assets/v11_overlays_r3/S073_01_provenance.png,8117,0.01,2ddd2a231ccc44c9ecbef59b1c310a1f293d200347f766c8f21f19e8921bef31,image,P4 — DUPLICATE,Không upload; trùng nội dung với assets/v11_overlays_r3/S001_overlay.png,assets/v11_overlays_r3/S001_overlay.png
assets/v11_overlays_r3/S073_02_provenance.png,8117,0.01,2ddd2a231ccc44c9ecbef59b1c310a1f293d200347f766c8f21f19e8921bef31,image,P4 — DUPLICATE,Không upload; trùng nội dung với assets/v11_overlays_r3/S001_overlay.png,assets/v11_overlays_r3/S001_overlay.png
assets/v11_overlays_r3/S073_overlay.png,8117,0.01,2ddd2a231ccc44c9ecbef59b1c310a1f293d200347f766c8f21f19e8921bef31,image,P4 — DUPLICATE,Không upload; trùng nội dung với assets/v11_overlays_r3/S001_overlay.png,assets/v11_overlays_r3/S001_overlay.png
assets/v11_overlays_r3/S074_01_provenance.png,8117,0.01,2ddd2a231ccc44c9ecbef59b1c310a1f293d200347f766c8f21f19e8921bef31,image,P4 — DUPLICATE,Không upload; trùng nội dung với assets/v11_overlays_r3/S001_overlay.png,assets/v11_overlays_r3/S001_overlay.png
assets/v11_overlays_r3/S074_overlay.png,8117,0.01,2ddd2a231ccc44c9ecbef59b1c310a1f293d200347f766c8f21f19e8921bef31,image,P4 — DUPLICATE,Không upload; trùng nội dung với assets/v11_overlays_r3/S001_overlay.png,assets/v11_overlays_r3/S001_overlay.png
assets/v11_overlays_r3/S075_01_provenance.png,8117,0.01,2ddd2a231ccc44c9ecbef59b1c310a1f293d200347f766c8f21f19e8921bef31,image,P4 — DUPLICATE,Không upload; trùng nội dung với assets/v11_overlays_r3/S001_overlay.png,assets/v11_overlays_r3/S001_overlay.png
assets/v11_overlays_r3/S075_overlay.png,8117,0.01,2ddd2a231ccc44c9ecbef59b1c310a1f293d200347f766c8f21f19e8921bef31,image,P4 — DUPLICATE,Không upload; trùng nội dung với assets/v11_overlays_r3/S001_overlay.png,assets/v11_overlays_r3/S001_overlay.png
assets/v11_overlays_r3/S076_01_provenance.png,8117,0.01,2ddd2a231ccc44c9ecbef59b1c310a1f293d200347f766c8f21f19e8921bef31,image,P4 — DUPLICATE,Không upload; trùng nội dung với assets/v11_overlays_r3/S001_overlay.png,assets/v11_overlays_r3/S001_overlay.png
assets/v11_overlays_r3/S076_overlay.png,8117,0.01,2ddd2a231ccc44c9ecbef59b1c310a1f293d200347f766c8f21f19e8921bef31,image,P4 — DUPLICATE,Không upload; trùng nội dung với assets/v11_overlays_r3/S001_overlay.png,assets/v11_overlays_r3/S001_overlay.png
assets/v11_overlays_r3/S077_01_provenance.png,8117,0.01,2ddd2a231ccc44c9ecbef59b1c310a1f293d200347f766c8f21f19e8921bef31,image,P4 — DUPLICATE,Không upload; trùng nội dung với assets/v11_overlays_r3/S001_overlay.png,assets/v11_overlays_r3/S001_overlay.png
assets/v11_overlays_r3/S077_02_provenance.png,10721,0.01,3dbfd4463ee4483738e8f1d52e73bf968afe3e0a168a9daac8d19dd6f110ec85,image,P4 — DUPLICATE,Không upload; trùng nội dung với assets/v11_overlays_r3/S001_01_provenance.png,assets/v11_overlays_r3/S001_01_provenance.png
assets/v11_overlays_r3/S077_03_provenance.png,10721,0.01,3dbfd4463ee4483738e8f1d52e73bf968afe3e0a168a9daac8d19dd6f110ec85,image,P4 — DUPLICATE,Không upload; trùng nội dung với assets/v11_overlays_r3/S001_01_provenance.png,assets/v11_overlays_r3/S001_01_provenance.png
assets/v11_overlays_r3/S077_overlay.png,8117,0.01,2ddd2a231ccc44c9ecbef59b1c310a1f293d200347f766c8f21f19e8921bef31,image,P4 — DUPLICATE,Không upload; trùng nội dung với assets/v11_overlays_r3/S001_overlay.png,assets/v11_overlays_r3/S001_overlay.png
assets/v11_overlays_r3/S078_01_provenance.png,8117,0.01,2ddd2a231ccc44c9ecbef59b1c310a1f293d200347f766c8f21f19e8921bef31,image,P4 — DUPLICATE,Không upload; trùng nội dung với assets/v11_overlays_r3/S001_overlay.png,assets/v11_overlays_r3/S001_overlay.png
assets/v11_overlays_r3/S078_02_provenance.png,10721,0.01,3dbfd4463ee4483738e8f1d52e73bf968afe3e0a168a9daac8d19dd6f110ec85,image,P4 — DUPLICATE,Không upload; trùng nội dung với assets/v11_overlays_r3/S001_01_provenance.png,assets/v11_overlays_r3/S001_01_provenance.png
assets/v11_overlays_r3/S078_03_provenance.png,10721,0.01,3dbfd4463ee4483738e8f1d52e73bf968afe3e0a168a9daac8d19dd6f110ec85,image,P4 — DUPLICATE,Không upload; trùng nội dung với assets/v11_overlays_r3/S001_01_provenance.png,assets/v11_overlays_r3/S001_01_provenance.png
assets/v11_overlays_r3/S078_04_provenance.png,10721,0.01,3dbfd4463ee4483738e8f1d52e73bf968afe3e0a168a9daac8d19dd6f110ec85,image,P4 — DUPLICATE,Không upload; trùng nội dung với assets/v11_overlays_r3/S001_01_provenance.png,assets/v11_overlays_r3/S001_01_provenance.png
assets/v11_overlays_r3/S078_05_provenance.png,10721,0.01,3dbfd4463ee4483738e8f1d52e73bf968afe3e0a168a9daac8d19dd6f110ec85,image,P4 — DUPLICATE,Không upload; trùng nội dung với assets/v11_overlays_r3/S001_01_provenance.png,assets/v11_overlays_r3/S001_01_provenance.png
assets/v11_overlays_r3/S078_06_provenance.png,10721,0.01,3dbfd4463ee4483738e8f1d52e73bf968afe3e0a168a9daac8d19dd6f110ec85,image,P4 — DUPLICATE,Không upload; trùng nội dung với assets/v11_overlays_r3/S001_01_provenance.png,assets/v11_overlays_r3/S001_01_provenance.png
assets/v11_overlays_r3/S078_overlay.png,8117,0.01,2ddd2a231ccc44c9ecbef59b1c310a1f293d200347f766c8f21f19e8921bef31,image,P4 — DUPLICATE,Không upload; trùng nội dung với assets/v11_overlays_r3/S001_overlay.png,assets/v11_overlays_r3/S001_overlay.png
assets/v11_overlays_r3/S079_01_provenance.png,8117,0.01,2ddd2a231ccc44c9ecbef59b1c310a1f293d200347f766c8f21f19e8921bef31,image,P4 — DUPLICATE,Không upload; trùng nội dung với assets/v11_overlays_r3/S001_overlay.png,assets/v11_overlays_r3/S001_overlay.png
assets/v11_overlays_r3/S079_02_provenance.png,8117,0.01,2ddd2a231ccc44c9ecbef59b1c310a1f293d200347f766c8f21f19e8921bef31,image,P4 — DUPLICATE,Không upload; trùng nội dung với assets/v11_overlays_r3/S001_overlay.png,assets/v11_overlays_r3/S001_overlay.png
assets/v11_overlays_r3/S079_03_provenance.png,8117,0.01,2ddd2a231ccc44c9ecbef59b1c310a1f293d200347f766c8f21f19e8921bef31,image,P4 — DUPLICATE,Không upload; trùng nội dung với assets/v11_overlays_r3/S001_overlay.png,assets/v11_overlays_r3/S001_overlay.png
assets/v11_overlays_r3/S079_04_provenance.png,8117,0.01,2ddd2a231ccc44c9ecbef59b1c310a1f293d200347f766c8f21f19e8921bef31,image,P4 — DUPLICATE,Không upload; trùng nội dung với assets/v11_overlays_r3/S001_overlay.png,assets/v11_overlays_r3/S001_overlay.png
assets/v11_overlays_r3/S079_05_provenance.png,8117,0.01,2ddd2a231ccc44c9ecbef59b1c310a1f293d200347f766c8f21f19e8921bef31,image,P4 — DUPLICATE,Không upload; trùng nội dung với assets/v11_overlays_r3/S001_overlay.png,assets/v11_overlays_r3/S001_overlay.png
assets/v11_overlays_r3/S079_overlay.png,8117,0.01,2ddd2a231ccc44c9ecbef59b1c310a1f293d200347f766c8f21f19e8921bef31,image,P4 — DUPLICATE,Không upload; trùng nội dung với assets/v11_overlays_r3/S001_overlay.png,assets/v11_overlays_r3/S001_overlay.png
assets/v11_overlays_r3/S080_01_provenance.png,10721,0.01,3dbfd4463ee4483738e8f1d52e73bf968afe3e0a168a9daac8d19dd6f110ec85,image,P4 — DUPLICATE,Không upload; trùng nội dung với assets/v11_overlays_r3/S001_01_provenance.png,assets/v11_overlays_r3/S001_01_provenance.png
assets/v11_overlays_r3/S080_02_provenance.png,10721,0.01,3dbfd4463ee4483738e8f1d52e73bf968afe3e0a168a9daac8d19dd6f110ec85,image,P4 — DUPLICATE,Không upload; trùng nội dung với assets/v11_overlays_r3/S001_01_provenance.png,assets/v11_overlays_r3/S001_01_provenance.png
assets/v11_overlays_r3/S080_03_provenance.png,8117,0.01,2ddd2a231ccc44c9ecbef59b1c310a1f293d200347f766c8f21f19e8921bef31,image,P4 — DUPLICATE,Không upload; trùng nội dung với assets/v11_overlays_r3/S001_overlay.png,assets/v11_overlays_r3/S001_overlay.png
assets/v11_overlays_r3/S081_01_provenance.png,8117,0.01,2ddd2a231ccc44c9ecbef59b1c310a1f293d200347f766c8f21f19e8921bef31,image,P4 — DUPLICATE,Không upload; trùng nội dung với assets/v11_overlays_r3/S001_overlay.png,assets/v11_overlays_r3/S001_overlay.png
assets/v11_overlays_r3/S081_02_provenance.png,8117,0.01,2ddd2a231ccc44c9ecbef59b1c310a1f293d200347f766c8f21f19e8921bef31,image,P4 — DUPLICATE,Không upload; trùng nội dung với assets/v11_overlays_r3/S001_overlay.png,assets/v11_overlays_r3/S001_overlay.png
assets/v11_overlays_r3/S081_03_provenance.png,8117,0.01,2ddd2a231ccc44c9ecbef59b1c310a1f293d200347f766c8f21f19e8921bef31,image,P4 — DUPLICATE,Không upload; trùng nội dung với assets/v11_overlays_r3/S001_overlay.png,assets/v11_overlays_r3/S001_overlay.png
assets/v11_overlays_r3/S081_overlay.png,8117,0.01,2ddd2a231ccc44c9ecbef59b1c310a1f293d200347f766c8f21f19e8921bef31,image,P4 — DUPLICATE,Không upload; trùng nội dung với assets/v11_overlays_r3/S001_overlay.png,assets/v11_overlays_r3/S001_overlay.png
assets/v11_overlays_r3/S082_01_provenance.png,8117,0.01,2ddd2a231ccc44c9ecbef59b1c310a1f293d200347f766c8f21f19e8921bef31,image,P4 — DUPLICATE,Không upload; trùng nội dung với assets/v11_overlays_r3/S001_overlay.png,assets/v11_overlays_r3/S001_overlay.png
assets/v11_overlays_r3/S083_01_provenance.png,8117,0.01,2ddd2a231ccc44c9ecbef59b1c310a1f293d200347f766c8f21f19e8921bef31,image,P4 — DUPLICATE,Không upload; trùng nội dung với assets/v11_overlays_r3/S001_overlay.png,assets/v11_overlays_r3/S001_overlay.png
assets/v11_overlays_r3/S083_02_provenance.png,10721,0.01,3dbfd4463ee4483738e8f1d52e73bf968afe3e0a168a9daac8d19dd6f110ec85,image,P4 — DUPLICATE,Không upload; trùng nội dung với assets/v11_overlays_r3/S001_01_provenance.png,assets/v11_overlays_r3/S001_01_provenance.png
assets/v11_overlays_r3/S083_03_provenance.png,8117,0.01,2ddd2a231ccc44c9ecbef59b1c310a1f293d200347f766c8f21f19e8921bef31,image,P4 — DUPLICATE,Không upload; trùng nội dung với assets/v11_overlays_r3/S001_overlay.png,assets/v11_overlays_r3/S001_overlay.png
assets/v11_overlays_r3/S084_01_provenance.png,10721,0.01,3dbfd4463ee4483738e8f1d52e73bf968afe3e0a168a9daac8d19dd6f110ec85,image,P4 — DUPLICATE,Không upload; trùng nội dung với assets/v11_overlays_r3/S001_01_provenance.png,assets/v11_overlays_r3/S001_01_provenance.png
assets/v11_overlays_r3/S084_02_provenance.png,10721,0.01,3dbfd4463ee4483738e8f1d52e73bf968afe3e0a168a9daac8d19dd6f110ec85,image,P4 — DUPLICATE,Không upload; trùng nội dung với assets/v11_overlays_r3/S001_01_provenance.png,assets/v11_overlays_r3/S001_01_provenance.png
assets/v11_overlays_r3/S084_03_provenance.png,8117,0.01,2ddd2a231ccc44c9ecbef59b1c310a1f293d200347f766c8f21f19e8921bef31,image,P4 — DUPLICATE,Không upload; trùng nội dung với assets/v11_overlays_r3/S001_overlay.png,assets/v11_overlays_r3/S001_overlay.png
assets/v11_overlays_r3/S085_01_provenance.png,8117,0.01,2ddd2a231ccc44c9ecbef59b1c310a1f293d200347f766c8f21f19e8921bef31,image,P4 — DUPLICATE,Không upload; trùng nội dung với assets/v11_overlays_r3/S001_overlay.png,assets/v11_overlays_r3/S001_overlay.png
assets/v11_overlays_r3/S085_02_provenance.png,8117,0.01,2ddd2a231ccc44c9ecbef59b1c310a1f293d200347f766c8f21f19e8921bef31,image,P4 — DUPLICATE,Không upload; trùng nội dung với assets/v11_overlays_r3/S001_overlay.png,assets/v11_overlays_r3/S001_overlay.png
assets/v11_overlays_r3/S085_03_provenance.png,8117,0.01,2ddd2a231ccc44c9ecbef59b1c310a1f293d200347f766c8f21f19e8921bef31,image,P4 — DUPLICATE,Không upload; trùng nội dung với assets/v11_overlays_r3/S001_overlay.png,assets/v11_overlays_r3/S001_overlay.png
assets/v11_overlays_r3/S086_01_provenance.png,8117,0.01,2ddd2a231ccc44c9ecbef59b1c310a1f293d200347f766c8f21f19e8921bef31,image,P4 — DUPLICATE,Không upload; trùng nội dung với assets/v11_overlays_r3/S001_overlay.png,assets/v11_overlays_r3/S001_overlay.png
assets/v11_overlays_r3/S086_02_provenance.png,8117,0.01,2ddd2a231ccc44c9ecbef59b1c310a1f293d200347f766c8f21f19e8921bef31,image,P4 — DUPLICATE,Không upload; trùng nội dung với assets/v11_overlays_r3/S001_overlay.png,assets/v11_overlays_r3/S001_overlay.png
assets/v11_overlays_r3/S086_03_provenance.png,8117,0.01,2ddd2a231ccc44c9ecbef59b1c310a1f293d200347f766c8f21f19e8921bef31,image,P4 — DUPLICATE,Không upload; trùng nội dung với assets/v11_overlays_r3/S001_overlay.png,assets/v11_overlays_r3/S001_overlay.png
assets/v11_overlays_r3/S087_01_provenance.png,8117,0.01,2ddd2a231ccc44c9ecbef59b1c310a1f293d200347f766c8f21f19e8921bef31,image,P4 — DUPLICATE,Không upload; trùng nội dung với assets/v11_overlays_r3/S001_overlay.png,assets/v11_overlays_r3/S001_overlay.png
assets/v11_overlays_r3/S087_02_provenance.png,10721,0.01,3dbfd4463ee4483738e8f1d52e73bf968afe3e0a168a9daac8d19dd6f110ec85,image,P4 — DUPLICATE,Không upload; trùng nội dung với assets/v11_overlays_r3/S001_01_provenance.png,assets/v11_overlays_r3/S001_01_provenance.png
assets/v11_overlays_r3/S087_overlay.png,8117,0.01,2ddd2a231ccc44c9ecbef59b1c310a1f293d200347f766c8f21f19e8921bef31,image,P4 — DUPLICATE,Không upload; trùng nội dung với assets/v11_overlays_r3/S001_overlay.png,assets/v11_overlays_r3/S001_overlay.png
assets/v11_overlays_r3/S088_01_provenance.png,8117,0.01,2ddd2a231ccc44c9ecbef59b1c310a1f293d200347f766c8f21f19e8921bef31,image,P4 — DUPLICATE,Không upload; trùng nội dung với assets/v11_overlays_r3/S001_overlay.png,assets/v11_overlays_r3/S001_overlay.png
assets/v11_overlays_r3/S088_02_provenance.png,8117,0.01,2ddd2a231ccc44c9ecbef59b1c310a1f293d200347f766c8f21f19e8921bef31,image,P4 — DUPLICATE,Không upload; trùng nội dung với assets/v11_overlays_r3/S001_overlay.png,assets/v11_overlays_r3/S001_overlay.png
assets/v11_overlays_r3/S088_overlay.png,8117,0.01,2ddd2a231ccc44c9ecbef59b1c310a1f293d200347f766c8f21f19e8921bef31,image,P4 — DUPLICATE,Không upload; trùng nội dung với assets/v11_overlays_r3/S001_overlay.png,assets/v11_overlays_r3/S001_overlay.png
assets/v11_overlays_r3/S089_01_provenance.png,8117,0.01,2ddd2a231ccc44c9ecbef59b1c310a1f293d200347f766c8f21f19e8921bef31,image,P4 — DUPLICATE,Không upload; trùng nội dung với assets/v11_overlays_r3/S001_overlay.png,assets/v11_overlays_r3/S001_overlay.png
assets/v11_overlays_r3/S089_overlay.png,8117,0.01,2ddd2a231ccc44c9ecbef59b1c310a1f293d200347f766c8f21f19e8921bef31,image,P4 — DUPLICATE,Không upload; trùng nội dung với assets/v11_overlays_r3/S001_overlay.png,assets/v11_overlays_r3/S001_overlay.png
assets/v11_overlays_r3/S090_01_provenance.png,8117,0.01,2ddd2a231ccc44c9ecbef59b1c310a1f293d200347f766c8f21f19e8921bef31,image,P4 — DUPLICATE,Không upload; trùng nội dung với assets/v11_overlays_r3/S001_overlay.png,assets/v11_overlays_r3/S001_overlay.png
assets/v11_overlays_r3/S090_02_provenance.png,8117,0.01,2ddd2a231ccc44c9ecbef59b1c310a1f293d200347f766c8f21f19e8921bef31,image,P4 — DUPLICATE,Không upload; trùng nội dung với assets/v11_overlays_r3/S001_overlay.png,assets/v11_overlays_r3/S001_overlay.png
assets/v11_overlays_r3/S090_overlay.png,8117,0.01,2ddd2a231ccc44c9ecbef59b1c310a1f293d200347f766c8f21f19e8921bef31,image,P4 — DUPLICATE,Không upload; trùng nội dung với assets/v11_overlays_r3/S001_overlay.png,assets/v11_overlays_r3/S001_overlay.png
assets/v11_overlays_r3/S091_01_provenance.png,8117,0.01,2ddd2a231ccc44c9ecbef59b1c310a1f293d200347f766c8f21f19e8921bef31,image,P4 — DUPLICATE,Không upload; trùng nội dung với assets/v11_overlays_r3/S001_overlay.png,assets/v11_overlays_r3/S001_overlay.png
assets/v11_overlays_r3/S092_01_provenance.png,8117,0.01,2ddd2a231ccc44c9ecbef59b1c310a1f293d200347f766c8f21f19e8921bef31,image,P4 — DUPLICATE,Không upload; trùng nội dung với assets/v11_overlays_r3/S001_overlay.png,assets/v11_overlays_r3/S001_overlay.png
assets/v11_overlays_r3/S092_overlay.png,8117,0.01,2ddd2a231ccc44c9ecbef59b1c310a1f293d200347f766c8f21f19e8921bef31,image,P4 — DUPLICATE,Không upload; trùng nội dung với assets/v11_overlays_r3/S001_overlay.png,assets/v11_overlays_r3/S001_overlay.png
assets/v11_overlays_r3/S093_01_provenance.png,8117,0.01,2ddd2a231ccc44c9ecbef59b1c310a1f293d200347f766c8f21f19e8921bef31,image,P4 — DUPLICATE,Không upload; trùng nội dung với assets/v11_overlays_r3/S001_overlay.png,assets/v11_overlays_r3/S001_overlay.png
assets/v11_overlays_r3/S093_overlay.png,8117,0.01,2ddd2a231ccc44c9ecbef59b1c310a1f293d200347f766c8f21f19e8921bef31,image,P4 — DUPLICATE,Không upload; trùng nội dung với assets/v11_overlays_r3/S001_overlay.png,assets/v11_overlays_r3/S001_overlay.png
assets/v11_overlays_r3/S094_01_provenance.png,8117,0.01,2ddd2a231ccc44c9ecbef59b1c310a1f293d200347f766c8f21f19e8921bef31,image,P4 — DUPLICATE,Không upload; trùng nội dung với assets/v11_overlays_r3/S001_overlay.png,assets/v11_overlays_r3/S001_overlay.png
assets/v11_overlays_r3/S094_overlay.png,8117,0.01,2ddd2a231ccc44c9ecbef59b1c310a1f293d200347f766c8f21f19e8921bef31,image,P4 — DUPLICATE,Không upload; trùng nội dung với assets/v11_overlays_r3/S001_overlay.png,assets/v11_overlays_r3/S001_overlay.png
assets/v11_overlays_r3/S095_01_provenance.png,10721,0.01,3dbfd4463ee4483738e8f1d52e73bf968afe3e0a168a9daac8d19dd6f110ec85,image,P4 — DUPLICATE,Không upload; trùng nội dung với assets/v11_overlays_r3/S001_01_provenance.png,assets/v11_overlays_r3/S001_01_provenance.png
assets/v11_overlays_r3/S095_02_provenance.png,10721,0.01,3dbfd4463ee4483738e8f1d52e73bf968afe3e0a168a9daac8d19dd6f110ec85,image,P4 — DUPLICATE,Không upload; trùng nội dung với assets/v11_overlays_r3/S001_01_provenance.png,assets/v11_overlays_r3/S001_01_provenance.png
renders/archive_v11/FINAL_FEENBERG_DOCUMENTARY_V11_R6_LOCKED.mp4,1212147443,1155.99,22e39eced2b8454d1ad8fdbe35d7f3d34e7e7a2cce63cc34400d99b513feb788,video,P4 — DUPLICATE,Không upload; trùng nội dung với Nhom14_DanChuHoaThietKeVaQuanTriCongNgheTheoFeenberg.mp4,Nhom14_DanChuHoaThietKeVaQuanTriCongNgheTheoFeenberg.mp4
renders/v11_final_r5/subtitles/SUBTITLE_ALPHA_V11_R5_CONTENT_1080P.mov,296585205,282.85,c3566a46d194ce64beb82825a223abbd5d16b54b70a907b4b9d8ac6f878700b9,video,P4 — DUPLICATE,Không upload; trùng nội dung với renders/v11_final_r6/subtitles/SUBTITLE_ALPHA_V11_R6_CONTENT_1080P.mov,renders/v11_final_r6/subtitles/SUBTITLE_ALPHA_V11_R6_CONTENT_1080P.mov
renders/v11_final_r6/FINAL_FEENBERG_DOCUMENTARY_V11_R6_candidate_audio_exact.mp4,1212147443,1155.99,22e39eced2b8454d1ad8fdbe35d7f3d34e7e7a2cce63cc34400d99b513feb788,video,P4 — DUPLICATE,Không upload; trùng nội dung với Nhom14_DanChuHoaThietKeVaQuanTriCongNgheTheoFeenberg.mp4,Nhom14_DanChuHoaThietKeVaQuanTriCongNgheTheoFeenberg.mp4
